STATION,STATION_NAME,DATE,PRCP,SNOW,TMAX,TMIN
GHCND:USW00013988,KANSAS CITY DOWNTOWN AIRPORT MO US,20141101,0,-9999,117,-16
GHCND:USW00013988,KANSAS CITY DOWNTOWN AIRPORT MO US,20141102,0,-9999,189,94
GHCND:USW00013988,KANSAS CITY DOWNTOWN AIRPORT MO US,20141103,0,-9999,217,111
GHCND:USW00013988,KANSAS CITY DOWNTOWN AIRPORT MO US,20141104,0,-9999,139,72
GHCND:USW00013988,KANSAS CITY DOWNTOWN AIRPORT MO US,20141105,0,-9999,206,44
GHCND:USW00013988,KANSAS CITY DOWNTOWN AIRPORT MO US,20141106,0,-9999,133,28
GHCND:USW00013988,KANSAS CITY DOWNTOWN AIRPORT MO US,20141107,0,-9999,183,11
GHCND:USW00013988,KANSAS CITY DOWNTOWN AIRPORT MO US,20141108,0,-9999,144,17
GHCND:USW00013988,KANSAS CITY DOWNTOWN AIRPORT MO US,20141109,0,-9999,189,28
GHCND:USW00013988,KANSAS CITY DOWNTOWN AIRPORT MO US,20141110,0,-9999,222,17
GHCND:USW00013988,KANSAS CITY DOWNTOWN AIRPORT MO US,20141111,3,-9999,22,-27
GHCND:USW00013988,KANSAS CITY DOWNTOWN AIRPORT MO US,20141112,0,-9999,-10,-60
GHCND:USW00013988,KANSAS CITY DOWNTOWN AIRPORT MO US,20141113,0,-9999,0,-82
GHCND:USW00013988,KANSAS CITY DOWNTOWN AIRPORT MO US,20141114,0,-9999,6,-82
GHCND:USW00013988,KANSAS CITY DOWNTOWN AIRPORT MO US,20141115,0,-9999,11,-49
GHCND:USW00013988,KANSAS CITY DOWNTOWN AIRPORT MO US,20141116,0,-9999,0,-77
GHCND:USW00013988,KANSAS CITY DOWNTOWN AIRPORT MO US,20141117,0,0,-32,-99
GHCND:USW00013988,KANSAS CITY DOWNTOWN AIRPORT MO US,20141118,0,-9999,44,-105
GHCND:USW00013988,KANSAS CITY DOWNTOWN AIRPORT MO US,20141119,0,-9999,56,-49
GHCND:USW00013988,KANSAS CITY DOWNTOWN AIRPORT MO US,20141120,0,-9999,56,-77
GHCND:USW00013988,KANSAS CITY DOWNTOWN AIRPORT MO US,20141121,5,-9999,106,-43
GHCND:USW00013988,KANSAS CITY DOWNTOWN AIRPORT MO US,20141122,0,-9999,167,100
GHCND:USW00013988,KANSAS CITY DOWNTOWN AIRPORT MO US,20141123,28,-9999,150,50
GHCND:USW00013988,KANSAS CITY DOWNTOWN AIRPORT MO US,20141124,0,-9999,61,0
GHCND:USW00013988,KANSAS CITY DOWNTOWN AIRPORT MO US,20141125,0,-9999,67,-43
GHCND:USW00013988,KANSAS CITY DOWNTOWN AIRPORT MO US,20141126,10,-9999,61,-16
GHCND:USW00013988,KANSAS CITY DOWNTOWN AIRPORT MO US,20141127,0,-9999,33,-32
GHCND:USW00013988,KANSAS CITY DOWNTOWN AIRPORT MO US,20141128,0,-9999,161,0
GHCND:USW00013988,KANSAS CITY DOWNTOWN AIRPORT MO US,20141129,0,-9999,200,94
GHCND:USW00013988,KANSAS CITY DOWNTOWN AIRPORT MO US,20141130,0,-9999,139,-49
GHCND:USW00013988,KANSAS CITY DOWNTOWN AIRPORT MO US,20141201,0,-9999,-16,-77
GHCND:USW00013988,KANSAS CITY DOWNTOWN AIRPORT MO US,20141202,0,-9999,44,-66
GHCND:USW00013988,KANSAS CITY DOWNTOWN AIRPORT MO US,20141203,0,-9999,83,-21
GHCND:USW00013988,KANSAS CITY DOWNTOWN AIRPORT MO US,20141204,0,-9999,39,6
GHCND:USW00013988,KANSAS CITY DOWNTOWN AIRPORT MO US,20141205,91,-9999,83,33
GHCND:USW00013988,KANSAS CITY DOWNTOWN AIRPORT MO US,20141206,0,-9999,56,17
GHCND:USW00013988,KANSAS CITY DOWNTOWN AIRPORT MO US,20141207,8,-9999,67,17
GHCND:USW00013988,KANSAS CITY DOWNTOWN AIRPORT MO US,20141208,0,-9999,117,33
GHCND:USW00013988,KANSAS CITY DOWNTOWN AIRPORT MO US,20141209,0,-9999,33,-21
GHCND:USW00013988,KANSAS CITY DOWNTOWN AIRPORT MO US,20141210,0,-9999,17,-27
GHCND:USW00013988,KANSAS CITY DOWNTOWN AIRPORT MO US,20141211,0,-9999,39,17
GHCND:USW00013988,KANSAS CITY DOWNTOWN AIRPORT MO US,20141212,0,-9999,139,39
GHCND:USW00013988,KANSAS CITY DOWNTOWN AIRPORT MO US,20141213,0,-9999,144,89
GHCND:USW00013988,KANSAS CITY DOWNTOWN AIRPORT MO US,20141214,163,-9999,183,106
GHCND:USW00013988,KANSAS CITY DOWNTOWN AIRPORT MO US,20141215,18,-9999,128,11
GHCND:USW00013988,KANSAS CITY DOWNTOWN AIRPORT MO US,20141216,0,-9999,11,-21
GHCND:USW00013988,KANSAS CITY DOWNTOWN AIRPORT MO US,20141217,0,-9999,0,-38
GHCND:USW00013988,KANSAS CITY DOWNTOWN AIRPORT MO US,20141218,41,-9999,11,-16
GHCND:USW00013988,KANSAS CITY DOWNTOWN AIRPORT MO US,20141219,0,-9999,22,0
GHCND:USW00013988,KANSAS CITY DOWNTOWN AIRPORT MO US,20141220,0,-9999,83,11
GHCND:USW00013988,KANSAS CITY DOWNTOWN AIRPORT MO US,20141221,0,-9999,83,17
GHCND:USW00013988,KANSAS CITY DOWNTOWN AIRPORT MO US,20141222,0,-9999,89,56
GHCND:USW00013988,KANSAS CITY DOWNTOWN AIRPORT MO US,20141223,0,-9999,61,11
GHCND:USW00013988,KANSAS CITY DOWNTOWN AIRPORT MO US,20141224,0,-9999,39,-5
GHCND:USW00013988,KANSAS CITY DOWNTOWN AIRPORT MO US,20141225,0,-9999,133,0
GHCND:USW00013988,KANSAS CITY DOWNTOWN AIRPORT MO US,20141226,0,-9999,128,44
GHCND:USW00013988,KANSAS CITY DOWNTOWN AIRPORT MO US,20141227,0,-9999,44,-32
GHCND:USW00013988,KANSAS CITY DOWNTOWN AIRPORT MO US,20141228,0,-9999,50,-71
GHCND:USW00013988,KANSAS CITY DOWNTOWN AIRPORT MO US,20141229,0,-9999,61,-49
GHCND:USW00013988,KANSAS CITY DOWNTOWN AIRPORT MO US,20141230,0,-9999,-21,-116
GHCND:USW00013988,KANSAS CITY DOWNTOWN AIRPORT MO US,20141231,0,-9999,-49,-143
GHCND:USW00013988,KANSAS CITY DOWNTOWN AIRPORT MO US,20150101,0,-9999,22,-71
GHCND:USW00013988,KANSAS CITY DOWNTOWN AIRPORT MO US,20150102,0,-9999,44,-16
GHCND:USW00013988,KANSAS CITY DOWNTOWN AIRPORT MO US,20150103,0,-9999,56,-43
GHCND:USW00013988,KANSAS CITY DOWNTOWN AIRPORT MO US,20150104,0,-9999,-43,-121
GHCND:USW00013988,KANSAS CITY DOWNTOWN AIRPORT MO US,20150105,0,-9999,-10,-132
GHCND:USW00013988,KANSAS CITY DOWNTOWN AIRPORT MO US,20150106,0,-9999,0,-82
GHCND:USW00013988,KANSAS CITY DOWNTOWN AIRPORT MO US,20150107,0,-9999,-66,-155
GHCND:USW00013988,KANSAS CITY DOWNTOWN AIRPORT MO US,20150108,0,-9999,11,-160
GHCND:USW00013988,KANSAS CITY DOWNTOWN AIRPORT MO US,20150109,0,-9999,-49,-116
GHCND:USW00013988,KANSAS CITY DOWNTOWN AIRPORT MO US,20150110,0,-9999,50,-116
GHCND:USW00013988,KANSAS CITY DOWNTOWN AIRPORT MO US,20150111,0,-9999,50,-21
GHCND:USW00013988,KANSAS CITY DOWNTOWN AIRPORT MO US,20150112,0,-9999,17,-110
GHCND:USW00013988,KANSAS CITY DOWNTOWN AIRPORT MO US,20150113,0,-9999,-21,-143
GHCND:USW00013988,KANSAS CITY DOWNTOWN AIRPORT MO US,20150114,0,-9999,44,-43
GHCND:USW00013988,KANSAS CITY DOWNTOWN AIRPORT MO US,20150115,0,-9999,111,-66
GHCND:USW00013988,KANSAS CITY DOWNTOWN AIRPORT MO US,20150116,0,-9999,172,-60
GHCND:USW00013988,KANSAS CITY DOWNTOWN AIRPORT MO US,20150117,0,-9999,133,56
GHCND:USW00013988,KANSAS CITY DOWNTOWN AIRPORT MO US,20150118,0,-9999,161,-5
GHCND:USW00013988,KANSAS CITY DOWNTOWN AIRPORT MO US,20150119,0,-9999,189,-21
GHCND:USW00013988,KANSAS CITY DOWNTOWN AIRPORT MO US,20150120,0,-9999,117,-5
GHCND:USW00013988,KANSAS CITY DOWNTOWN AIRPORT MO US,20150121,0,-9999,111,-16
GHCND:USW00013988,KANSAS CITY DOWNTOWN AIRPORT MO US,20150122,0,-9999,39,-27
GHCND:USW00013988,KANSAS CITY DOWNTOWN AIRPORT MO US,20150123,0,-9999,89,-49
GHCND:USW00013988,KANSAS CITY DOWNTOWN AIRPORT MO US,20150124,3,-9999,167,-16
GHCND:USW00013988,KANSAS CITY DOWNTOWN AIRPORT MO US,20150125,0,-9999,89,-5
GHCND:USW00013988,KANSAS CITY DOWNTOWN AIRPORT MO US,20150126,0,-9999,167,-27
GHCND:USW00013988,KANSAS CITY DOWNTOWN AIRPORT MO US,20150127,0,-9999,144,-10
GHCND:USW00013988,KANSAS CITY DOWNTOWN AIRPORT MO US,20150128,0,-9999,244,28
GHCND:USW00013988,KANSAS CITY DOWNTOWN AIRPORT MO US,20150129,0,-9999,122,-10
GHCND:USW00013988,KANSAS CITY DOWNTOWN AIRPORT MO US,20150130,0,-9999,56,-55
GHCND:USW00013988,KANSAS CITY DOWNTOWN AIRPORT MO US,20150131,89,-9999,50,11
GHCND:USW00013988,KANSAS CITY DOWNTOWN AIRPORT MO US,20150201,38,-9999,11,-82
GHCND:USW00013988,KANSAS CITY DOWNTOWN AIRPORT MO US,20150202,0,-9999,-27,-143
GHCND:USW00013988,KANSAS CITY DOWNTOWN AIRPORT MO US,20150203,0,-9999,111,-43
GHCND:USW00013988,KANSAS CITY DOWNTOWN AIRPORT MO US,20150204,3,-9999,33,-110
GHCND:USW00013988,KANSAS CITY DOWNTOWN AIRPORT MO US,20150205,0,-9999,-10,-143
GHCND:USW00013988,KANSAS CITY DOWNTOWN AIRPORT MO US,20150206,0,-9999,139,-27
GHCND:USW00013988,KANSAS CITY DOWNTOWN AIRPORT MO US,20150207,0,-9999,189,39
GHCND:USW00013988,KANSAS CITY DOWNTOWN AIRPORT MO US,20150208,0,-9999,194,56
GHCND:USW00013988,KANSAS CITY DOWNTOWN AIRPORT MO US,20150209,0,-9999,56,17
GHCND:USW00013988,KANSAS CITY DOWNTOWN AIRPORT MO US,20150210,0,-9999,111,-10
GHCND:USW00013988,KANSAS CITY DOWNTOWN AIRPORT MO US,20150211,0,-9999,56,-16
GHCND:USW00013988,KANSAS CITY DOWNTOWN AIRPORT MO US,20150212,0,-9999,0,-110
GHCND:USW00013988,KANSAS CITY DOWNTOWN AIRPORT MO US,20150213,0,-9999,83,-55
GHCND:USW00013988,KANSAS CITY DOWNTOWN AIRPORT MO US,20150214,0,-9999,50,-77
GHCND:USW00013988,KANSAS CITY DOWNTOWN AIRPORT MO US,20150215,15,-9999,-66,-105
GHCND:USW00013988,KANSAS CITY DOWNTOWN AIRPORT MO US,20150216,0,-9999,-38,-99
GHCND:USW00013988,KANSAS CITY DOWNTOWN AIRPORT MO US,20150217,0,-9999,6,-77
GHCND:USW00013988,KANSAS CITY DOWNTOWN AIRPORT MO US,20150218,0,-9999,-66,-110
GHCND:USW00013988,KANSAS CITY DOWNTOWN AIRPORT MO US,20150219,3,-9999,-66,-143
GHCND:USW00013988,KANSAS CITY DOWNTOWN AIRPORT MO US,20150220,0,-9999,33,-105
GHCND:USW00013988,KANSAS CITY DOWNTOWN AIRPORT MO US,20150221,10,-9999,100,-21
GHCND:USW00013988,KANSAS CITY DOWNTOWN AIRPORT MO US,20150222,0,-9999,-21,-93
GHCND:USW00013988,KANSAS CITY DOWNTOWN AIRPORT MO US,20150223,0,-9999,-43,-127
GHCND:USW00013988,KANSAS CITY DOWNTOWN AIRPORT MO US,20150224,0,-9999,83,-77
GHCND:USW00013988,KANSAS CITY DOWNTOWN AIRPORT MO US,20150225,0,-9999,128,-60
GHCND:USW00013988,KANSAS CITY DOWNTOWN AIRPORT MO US,20150226,0,-9999,-49,-132
GHCND:USW00013988,KANSAS CITY DOWNTOWN AIRPORT MO US,20150227,0,-9999,-71,-155
GHCND:USW00013988,KANSAS CITY DOWNTOWN AIRPORT MO US,20150228,3,-9999,-38,-82
GHCND:USW00013988,KANSAS CITY DOWNTOWN AIRPORT MO US,20150301,0,-9999,17,-43
GHCND:USW00013988,KANSAS CITY DOWNTOWN AIRPORT MO US,20150302,0,-9999,50,-60
GHCND:USW00013988,KANSAS CITY DOWNTOWN AIRPORT MO US,20150303,0,-9999,94,-10
GHCND:USW00013988,KANSAS CITY DOWNTOWN AIRPORT MO US,20150304,0,-9999,-10,-60
GHCND:USW00013988,KANSAS CITY DOWNTOWN AIRPORT MO US,20150305,0,-9999,11,-116
GHCND:USW00013988,KANSAS CITY DOWNTOWN AIRPORT MO US,20150306,0,-9999,156,-32
GHCND:USW00013988,KANSAS CITY DOWNTOWN AIRPORT MO US,20150307,0,-9999,217,39
GHCND:USW00013988,KANSAS CITY DOWNTOWN AIRPORT MO US,20150308,0,-9999,222,44
GHCND:USW00013988,KANSAS CITY DOWNTOWN AIRPORT MO US,20150309,0,-9999,183,17
GHCND:USW00013988,KANSAS CITY DOWNTOWN AIRPORT MO US,20150310,0,-9999,222,67
GHCND:USW00013988,KANSAS CITY DOWNTOWN AIRPORT MO US,20150311,0,-9999,256,44
GHCND:USW00013988,KANSAS CITY DOWNTOWN AIRPORT MO US,20150312,0,-9999,239,61
GHCND:USW00013988,KANSAS CITY DOWNTOWN AIRPORT MO US,20150313,0,-9999,250,72
GHCND:USW00013988,KANSAS CITY DOWNTOWN AIRPORT MO US,20150314,0,-9999,206,61
GHCND:USW00013988,KANSAS CITY DOWNTOWN AIRPORT MO US,20150315,0,-9999,244,28
GHCND:USW00013988,KANSAS CITY DOWNTOWN AIRPORT MO US,20150316,0,-9999,289,133
GHCND:USW00013988,KANSAS CITY DOWNTOWN AIRPORT MO US,20150317,0,-9999,178,61
GHCND:USW00013988,KANSAS CITY DOWNTOWN AIRPORT MO US,20150318,23,-9999,72,33
GHCND:USW00013988,KANSAS CITY DOWNTOWN AIRPORT MO US,20150319,3,-9999,56,28
GHCND:USW00013988,KANSAS CITY DOWNTOWN AIRPORT MO US,20150320,0,-9999,189,22
GHCND:USW00013988,KANSAS CITY DOWNTOWN AIRPORT MO US,20150321,0,-9999,217,83
GHCND:USW00013988,KANSAS CITY DOWNTOWN AIRPORT MO US,20150322,0,-9999,239,72
GHCND:USW00013988,KANSAS CITY DOWNTOWN AIRPORT MO US,20150323,0,-9999,167,44
GHCND:USW00013988,KANSAS CITY DOWNTOWN AIRPORT MO US,20150324,38,-9999,111,50
GHCND:USW00013988,KANSAS CITY DOWNTOWN AIRPORT MO US,20150325,28,-9999,139,56
GHCND:USW00013988,KANSAS CITY DOWNTOWN AIRPORT MO US,20150326,3,-9999,117,17
GHCND:USW00013988,KANSAS CITY DOWNTOWN AIRPORT MO US,20150327,0,-9999,83,6
GHCND:USW00013988,KANSAS CITY DOWNTOWN AIRPORT MO US,20150328,0,-9999,128,33
GHCND:USW00013988,KANSAS CITY DOWNTOWN AIRPORT MO US,20150329,0,-9999,217,44
GHCND:USW00013988,KANSAS CITY DOWNTOWN AIRPORT MO US,20150330,0,-9999,239,28
GHCND:USW00013988,KANSAS CITY DOWNTOWN AIRPORT MO US,20150331,0,-9999,256,89
GHCND:USW00013988,KANSAS CITY DOWNTOWN AIRPORT MO US,20150401,0,-9999,278,122
GHCND:USW00013988,KANSAS CITY DOWNTOWN AIRPORT MO US,20150402,188,-9999,222,139
GHCND:USW00013988,KANSAS CITY DOWNTOWN AIRPORT MO US,20150403,18,-9999,156,44
GHCND:USW00013988,KANSAS CITY DOWNTOWN AIRPORT MO US,20150404,0,-9999,178,-5
GHCND:USW00013988,KANSAS CITY DOWNTOWN AIRPORT MO US,20150405,0,-9999,200,78
GHCND:USW00013988,KANSAS CITY DOWNTOWN AIRPORT MO US,20150406,0,-9999,172,106
GHCND:USW00013988,KANSAS CITY DOWNTOWN AIRPORT MO US,20150407,0,-9999,300,133
GHCND:USW00013988,KANSAS CITY DOWNTOWN AIRPORT MO US,20150408,0,-9999,256,117
GHCND:USW00013988,KANSAS CITY DOWNTOWN AIRPORT MO US,20150409,0,-9999,267,61
GHCND:USW00013988,KANSAS CITY DOWNTOWN AIRPORT MO US,20150410,0,-9999,217,56
GHCND:USW00013988,KANSAS CITY DOWNTOWN AIRPORT MO US,20150411,0,-9999,233,100
GHCND:USW00013988,KANSAS CITY DOWNTOWN AIRPORT MO US,20150412,191,-9999,211,122
GHCND:USW00013988,KANSAS CITY DOWNTOWN AIRPORT MO US,20150413,109,-9999,194,128
GHCND:USW00013988,KANSAS CITY DOWNTOWN AIRPORT MO US,20150414,0,-9999,217,100
GHCND:USW00013988,KANSAS CITY DOWNTOWN AIRPORT MO US,20150415,0,-9999,167,106
GHCND:USW00013988,KANSAS CITY DOWNTOWN AIRPORT MO US,20150416,0,-9999,256,106
GHCND:USW00013988,KANSAS CITY DOWNTOWN AIRPORT MO US,20150417,0,-9999,261,128
GHCND:USW00013988,KANSAS CITY DOWNTOWN AIRPORT MO US,20150418,132,-9999,189,156
GHCND:USW00013988,KANSAS CITY DOWNTOWN AIRPORT MO US,20150419,38,-9999,206,106
GHCND:USW00013988,KANSAS CITY DOWNTOWN AIRPORT MO US,20150420,0,-9999,156,78
GHCND:USW00013988,KANSAS CITY DOWNTOWN AIRPORT MO US,20150421,0,-9999,211,67
GHCND:USW00013988,KANSAS CITY DOWNTOWN AIRPORT MO US,20150422,0,-9999,156,39
GHCND:USW00013988,KANSAS CITY DOWNTOWN AIRPORT MO US,20150423,0,-9999,200,56
GHCND:USW00013988,KANSAS CITY DOWNTOWN AIRPORT MO US,20150424,5,-9999,189,128
GHCND:USW00013988,KANSAS CITY DOWNTOWN AIRPORT MO US,20150425,71,-9999,189,106
GHCND:USW00013988,KANSAS CITY DOWNTOWN AIRPORT MO US,20150426,-9999,-9999,178,94
GHCND:USW00013988,KANSAS CITY DOWNTOWN AIRPORT MO US,20150427,0,-9999,200,72
GHCND:USW00013988,KANSAS CITY DOWNTOWN AIRPORT MO US,20150428,0,-9999,233,72
GHCND:USW00013988,KANSAS CITY DOWNTOWN AIRPORT MO US,20150429,0,-9999,239,89
GHCND:USW00013988,KANSAS CITY DOWNTOWN AIRPORT MO US,20150430,0,-9999,244,78
GHCND:USW00013988,KANSAS CITY DOWNTOWN AIRPORT MO US,20150501,0,-9999,250,106
GHCND:USW00013988,KANSAS CITY DOWNTOWN AIRPORT MO US,20150502,13,-9999,250,139
GHCND:USW00013988,KANSAS CITY DOWNTOWN AIRPORT MO US,20150503,0,-9999,289,178
GHCND:USW00013988,KANSAS CITY DOWNTOWN AIRPORT MO US,20150504,119,-9999,300,178
GHCND:USW00013988,KANSAS CITY DOWNTOWN AIRPORT MO US,20150505,86,-9999,283,167
GHCND:USW00013988,KANSAS CITY DOWNTOWN AIRPORT MO US,20150506,5,-9999,250,183
GHCND:USW00013988,KANSAS CITY DOWNTOWN AIRPORT MO US,20150507,61,-9999,250,178
GHCND:USW00013988,KANSAS CITY DOWNTOWN AIRPORT MO US,20150508,28,-9999,233,172
GHCND:USW00013988,KANSAS CITY DOWNTOWN AIRPORT MO US,20150509,18,-9999,239,167
GHCND:USW00013988,KANSAS CITY DOWNTOWN AIRPORT MO US,20150510,165,-9999,250,144
GHCND:USW00013988,KANSAS CITY DOWNTOWN AIRPORT MO US,20150511,0,-9999,178,78
GHCND:USW00013988,KANSAS CITY DOWNTOWN AIRPORT MO US,20150512,0,-9999,217,72
GHCND:USW00013988,KANSAS CITY DOWNTOWN AIRPORT MO US,20150513,0,-9999,217,94
GHCND:USW00013988,KANSAS CITY DOWNTOWN AIRPORT MO US,20150514,97,-9999,244,144
GHCND:USW00013988,KANSAS CITY DOWNTOWN AIRPORT MO US,20150515,3,-9999,261,167
GHCND:USW00013988,KANSAS CITY DOWNTOWN AIRPORT MO US,20150516,739,-9999,289,172
GHCND:USW00013988,KANSAS CITY DOWNTOWN AIRPORT MO US,20150517,48,-9999,278,172
GHCND:USW00013988,KANSAS CITY DOWNTOWN AIRPORT MO US,20150518,0,-9999,217,117
GHCND:USW00013988,KANSAS CITY DOWNTOWN AIRPORT MO US,20150519,0,-9999,156,78
GHCND:USW00013988,KANSAS CITY DOWNTOWN AIRPORT MO US,20150520,221,-9999,133,100
GHCND:USW00013988,KANSAS CITY DOWNTOWN AIRPORT MO US,20150521,0,-9999,206,89
GHCND:USW00013988,KANSAS CITY DOWNTOWN AIRPORT MO US,20150522,0,-9999,200,100
GHCND:USW00013988,KANSAS CITY DOWNTOWN AIRPORT MO US,20150523,340,-9999,206,144
GHCND:USW00013988,KANSAS CITY DOWNTOWN AIRPORT MO US,20150524,51,-9999,222,172
GHCND:USW00013988,KANSAS CITY DOWNTOWN AIRPORT MO US,20150525,48,-9999,283,161
GHCND:USW00013988,KANSAS CITY DOWNTOWN AIRPORT MO US,20150526,46,-9999,267,167
GHCND:USW00013988,KANSAS CITY DOWNTOWN AIRPORT MO US,20150527,0,-9999,294,161
GHCND:USW00013988,KANSAS CITY DOWNTOWN AIRPORT MO US,20150528,104,-9999,233,183
GHCND:USW00013988,KANSAS CITY DOWNTOWN AIRPORT MO US,20150529,20,-9999,222,178
GHCND:USW00013988,KANSAS CITY DOWNTOWN AIRPORT MO US,20150530,5,-9999,194,139
GHCND:USW00013988,KANSAS CITY DOWNTOWN AIRPORT MO US,20150531,0,-9999,217,139
GHCND:USW00013988,KANSAS CITY DOWNTOWN AIRPORT MO US,20150601,0,-9999,194,150
GHCND:USW00013988,KANSAS CITY DOWNTOWN AIRPORT MO US,20150602,0,-9999,244,156
GHCND:USW00013988,KANSAS CITY DOWNTOWN AIRPORT MO US,20150603,226,-9999,233,183
GHCND:USW00013988,KANSAS CITY DOWNTOWN AIRPORT MO US,20150604,66,-9999,272,194
GHCND:USW00013988,KANSAS CITY DOWNTOWN AIRPORT MO US,20150605,51,-9999,294,183
GHCND:USW00013988,KANSAS CITY DOWNTOWN AIRPORT MO US,20150606,3,-9999,300,200
GHCND:USW00013988,KANSAS CITY DOWNTOWN AIRPORT MO US,20150607,84,-9999,339,228
GHCND:USW00013988,KANSAS CITY DOWNTOWN AIRPORT MO US,20150608,5,-9999,317,200
GHCND:USW00013988,KANSAS CITY DOWNTOWN AIRPORT MO US,20150609,0,-9999,339,194
GHCND:USW00013988,KANSAS CITY DOWNTOWN AIRPORT MO US,20150610,0,-9999,350,250
GHCND:USW00013988,KANSAS CITY DOWNTOWN AIRPORT MO US,20150611,0,-9999,328,239
GHCND:USW00013988,KANSAS CITY DOWNTOWN AIRPORT MO US,20150612,0,-9999,261,206
GHCND:USW00013988,KANSAS CITY DOWNTOWN AIRPORT MO US,20150613,0,-9999,267,211
GHCND:USW00013988,KANSAS CITY DOWNTOWN AIRPORT MO US,20150614,130,-9999,294,222
GHCND:USW00013988,KANSAS CITY DOWNTOWN AIRPORT MO US,20150615,99,-9999,300,222
GHCND:USW00013988,KANSAS CITY DOWNTOWN AIRPORT MO US,20150616,0,-9999,250,206
GHCND:USW00013988,KANSAS CITY DOWNTOWN AIRPORT MO US,20150617,0,-9999,300,228
GHCND:USW00013988,KANSAS CITY DOWNTOWN AIRPORT MO US,20150618,0,-9999,294,222
GHCND:USW00013988,KANSAS CITY DOWNTOWN AIRPORT MO US,20150619,0,-9999,294,189
GHCND:USW00013988,KANSAS CITY DOWNTOWN AIRPORT MO US,20150620,0,-9999,361,211
GHCND:USW00013988,KANSAS CITY DOWNTOWN AIRPORT MO US,20150621,13,-9999,311,233
GHCND:USW00013988,KANSAS CITY DOWNTOWN AIRPORT MO US,20150622,0,-9999,350,244
GHCND:USW00013988,KANSAS CITY DOWNTOWN AIRPORT MO US,20150623,38,-9999,283,200
GHCND:USW00013988,KANSAS CITY DOWNTOWN AIRPORT MO US,20150624,0,-9999,356,200
GHCND:USW00013988,KANSAS CITY DOWNTOWN AIRPORT MO US,20150625,0,-9999,361,228
GHCND:USW00013988,KANSAS CITY DOWNTOWN AIRPORT MO US,20150626,358,-9999,294,183
GHCND:USW00013988,KANSAS CITY DOWNTOWN AIRPORT MO US,20150627,0,-9999,289,172
GHCND:USW00013988,KANSAS CITY DOWNTOWN AIRPORT MO US,20150628,0,-9999,317,206
GHCND:USW00013988,KANSAS CITY DOWNTOWN AIRPORT MO US,20150629,0,-9999,311,200
GHCND:USW00013988,KANSAS CITY DOWNTOWN AIRPORT MO US,20150630,0,-9999,322,217
GHCND:USW00013988,KANSAS CITY DOWNTOWN AIRPORT MO US,20150701,254,-9999,306,211
GHCND:USW00013988,KANSAS CITY DOWNTOWN AIRPORT MO US,20150702,0,-9999,250,206
GHCND:USW00013988,KANSAS CITY DOWNTOWN AIRPORT MO US,20150703,0,-9999,272,194
GHCND:USW00013988,KANSAS CITY DOWNTOWN AIRPORT MO US,20150704,0,-9999,289,172
GHCND:USW00013988,KANSAS CITY DOWNTOWN AIRPORT MO US,20150705,0,-9999,322,211
GHCND:USW00013988,KANSAS CITY DOWNTOWN AIRPORT MO US,20150706,518,-9999,328,217
GHCND:USW00013988,KANSAS CITY DOWNTOWN AIRPORT MO US,20150707,114,-9999,244,167
GHCND:USW00013988,KANSAS CITY DOWNTOWN AIRPORT MO US,20150708,18,-9999,194,172
GHCND:USW00013988,KANSAS CITY DOWNTOWN AIRPORT MO US,20150709,0,-9999,267,167
GHCND:USW00013988,KANSAS CITY DOWNTOWN AIRPORT MO US,20150710,56,-9999,267,189
GHCND:USW00013988,KANSAS CITY DOWNTOWN AIRPORT MO US,20150711,0,-9999,333,217
GHCND:USW00013988,KANSAS CITY DOWNTOWN AIRPORT MO US,20150712,0,-9999,350,244
GHCND:USW00013988,KANSAS CITY DOWNTOWN AIRPORT MO US,20150713,0,-9999,367,267
GHCND:USW00013988,KANSAS CITY DOWNTOWN AIRPORT MO US,20150714,0,-9999,367,244
GHCND:USW00013988,KANSAS CITY DOWNTOWN AIRPORT MO US,20150715,0,-9999,317,244
GHCND:USW00013988,KANSAS CITY DOWNTOWN AIRPORT MO US,20150716,0,-9999,350,250
GHCND:USW00013988,KANSAS CITY DOWNTOWN AIRPORT MO US,20150717,0,-9999,350,267
GHCND:USW00013988,KANSAS CITY DOWNTOWN AIRPORT MO US,20150718,41,-9999,339,244
GHCND:USW00013988,KANSAS CITY DOWNTOWN AIRPORT MO US,20150719,0,-9999,300,244
GHCND:USW00013988,KANSAS CITY DOWNTOWN AIRPORT MO US,20150720,384,-9999,317,217
GHCND:USW00013988,KANSAS CITY DOWNTOWN AIRPORT MO US,20150721,0,-9999,283,206
GHCND:USW00013988,KANSAS CITY DOWNTOWN AIRPORT MO US,20150722,0,-9999,294,183
GHCND:USW00013988,KANSAS CITY DOWNTOWN AIRPORT MO US,20150723,0,-9999,317,222
GHCND:USW00013988,KANSAS CITY DOWNTOWN AIRPORT MO US,20150724,0,-9999,367,244
GHCND:USW00013988,KANSAS CITY DOWNTOWN AIRPORT MO US,20150725,0,-9999,339,256
GHCND:USW00013988,KANSAS CITY DOWNTOWN AIRPORT MO US,20150726,0,-9999,344,250
GHCND:USW00013988,KANSAS CITY DOWNTOWN AIRPORT MO US,20150727,0,-9999,350,267
GHCND:USW00013988,KANSAS CITY DOWNTOWN AIRPORT MO US,20150728,0,-9999,361,256
GHCND:USW00013988,KANSAS CITY DOWNTOWN AIRPORT MO US,20150729,66,-9999,311,222
GHCND:USW00013988,KANSAS CITY DOWNTOWN AIRPORT MO US,20150730,0,-9999,317,194
GHCND:USW00013988,KANSAS CITY DOWNTOWN AIRPORT MO US,20150731,0,-9999,328,189
GHCND:USW00013988,KANSAS CITY DOWNTOWN AIRPORT MO US,20150801,0,-9999,344,233
GHCND:USW00013988,KANSAS CITY DOWNTOWN AIRPORT MO US,20150802,0,-9999,339,233
GHCND:USW00013988,KANSAS CITY DOWNTOWN AIRPORT MO US,20150803,0,-9999,333,222
GHCND:USW00013988,KANSAS CITY DOWNTOWN AIRPORT MO US,20150804,25,-9999,311,222
GHCND:USW00013988,KANSAS CITY DOWNTOWN AIRPORT MO US,20150805,18,-9999,256,206
GHCND:USW00013988,KANSAS CITY DOWNTOWN AIRPORT MO US,20150806,0,-9999,283,206
GHCND:USW00013988,KANSAS CITY DOWNTOWN AIRPORT MO US,20150807,0,-9999,344,233
GHCND:USW00013988,KANSAS CITY DOWNTOWN AIRPORT MO US,20150808,18,-9999,339,239
GHCND:USW00013988,KANSAS CITY DOWNTOWN AIRPORT MO US,20150809,5,-9999,328,267
GHCND:USW00013988,KANSAS CITY DOWNTOWN AIRPORT MO US,20150810,36,-9999,317,233
GHCND:USW00013988,KANSAS CITY DOWNTOWN AIRPORT MO US,20150811,0,-9999,306,200
GHCND:USW00013988,KANSAS CITY DOWNTOWN AIRPORT MO US,20150812,0,-9999,311,194
GHCND:USW00013988,KANSAS CITY DOWNTOWN AIRPORT MO US,20150813,0,-9999,317,200
GHCND:USW00013988,KANSAS CITY DOWNTOWN AIRPORT MO US,20150814,0,-9999,317,217
GHCND:USW00013988,KANSAS CITY DOWNTOWN AIRPORT MO US,20150815,0,-9999,328,200
GHCND:USW00013988,KANSAS CITY DOWNTOWN AIRPORT MO US,20150816,0,-9999,328,222
GHCND:USW00013988,KANSAS CITY DOWNTOWN AIRPORT MO US,20150817,0,-9999,328,233
GHCND:USW00013988,KANSAS CITY DOWNTOWN AIRPORT MO US,20150818,290,-9999,278,189
GHCND:USW00013988,KANSAS CITY DOWNTOWN AIRPORT MO US,20150819,0,-9999,239,150
GHCND:USW00013988,KANSAS CITY DOWNTOWN AIRPORT MO US,20150820,0,-9999,294,144
GHCND:USW00013988,KANSAS CITY DOWNTOWN AIRPORT MO US,20150821,0,-9999,294,178
GHCND:USW00013988,KANSAS CITY DOWNTOWN AIRPORT MO US,20150822,0,-9999,306,217
GHCND:USW00013988,KANSAS CITY DOWNTOWN AIRPORT MO US,20150823,0,-9999,261,161
GHCND:USW00013988,KANSAS CITY DOWNTOWN AIRPORT MO US,20150824,0,-9999,278,133
GHCND:USW00013988,KANSAS CITY DOWNTOWN AIRPORT MO US,20150825,0,-9999,289,150
GHCND:USW00013988,KANSAS CITY DOWNTOWN AIRPORT MO US,20150826,0,-9999,289,167
GHCND:USW00013988,KANSAS CITY DOWNTOWN AIRPORT MO US,20150827,15,-9999,250,189
GHCND:USW00013988,KANSAS CITY DOWNTOWN AIRPORT MO US,20150828,13,-9999,283,211
GHCND:USW00013988,KANSAS CITY DOWNTOWN AIRPORT MO US,20150829,0,-9999,272,211
GHCND:USW00013988,KANSAS CITY DOWNTOWN AIRPORT MO US,20150830,0,-9999,300,200
GHCND:USW00013988,KANSAS CITY DOWNTOWN AIRPORT MO US,20150831,0,-9999,333,228
GHCND:USW00013988,KANSAS CITY DOWNTOWN AIRPORT MO US,20150901,0,-9999,328,239
GHCND:USW00013988,KANSAS CITY DOWNTOWN AIRPORT MO US,20150902,0,-9999,328,233
GHCND:USW00013988,KANSAS CITY DOWNTOWN AIRPORT MO US,20150903,0,-9999,333,233
GHCND:USW00013988,KANSAS CITY DOWNTOWN AIRPORT MO US,20150904,0,-9999,339,233
GHCND:USW00013988,KANSAS CITY DOWNTOWN AIRPORT MO US,20150905,0,-9999,344,239
GHCND:USW00013988,KANSAS CITY DOWNTOWN AIRPORT MO US,20150906,0,-9999,356,250
GHCND:USW00013988,KANSAS CITY DOWNTOWN AIRPORT MO US,20150907,30,-9999,289,228
GHCND:USW00013988,KANSAS CITY DOWNTOWN AIRPORT MO US,20150908,5,-9999,272,222
GHCND:USW00013988,KANSAS CITY DOWNTOWN AIRPORT MO US,20150909,0,-9999,300,200
GHCND:USW00013988,KANSAS CITY DOWNTOWN AIRPORT MO US,20150910,599,-9999,322,183
GHCND:USW00013988,KANSAS CITY DOWNTOWN AIRPORT MO US,20150911,0,-9999,233,144
GHCND:USW00013988,KANSAS CITY DOWNTOWN AIRPORT MO US,20150912,0,-9999,233,111
GHCND:USW00013988,KANSAS CITY DOWNTOWN AIRPORT MO US,20150913,0,-9999,261,139
GHCND:USW00013988,KANSAS CITY DOWNTOWN AIRPORT MO US,20150914,0,-9999,294,194
GHCND:USW00013988,KANSAS CITY DOWNTOWN AIRPORT MO US,20150915,0,-9999,294,206
GHCND:USW00013988,KANSAS CITY DOWNTOWN AIRPORT MO US,20150916,0,-9999,322,206
GHCND:USW00013988,KANSAS CITY DOWNTOWN AIRPORT MO US,20150917,0,-9999,333,244
GHCND:USW00013988,KANSAS CITY DOWNTOWN AIRPORT MO US,20150918,33,-9999,283,156
GHCND:USW00013988,KANSAS CITY DOWNTOWN AIRPORT MO US,20150919,0,-9999,233,122
GHCND:USW00013988,KANSAS CITY DOWNTOWN AIRPORT MO US,20150920,0,-9999,250,117
GHCND:USW00013988,KANSAS CITY DOWNTOWN AIRPORT MO US,20150921,0,-9999,244,161
GHCND:USW00013988,KANSAS CITY DOWNTOWN AIRPORT MO US,20150922,0,-9999,311,200
GHCND:USW00013988,KANSAS CITY DOWNTOWN AIRPORT MO US,20150923,0,-9999,289,206
GHCND:USW00013988,KANSAS CITY DOWNTOWN AIRPORT MO US,20150924,0,-9999,294,206
GHCND:USW00013988,KANSAS CITY DOWNTOWN AIRPORT MO US,20150925,0,-9999,294,183
GHCND:USW00013988,KANSAS CITY DOWNTOWN AIRPORT MO US,20150926,0,-9999,289,156
GHCND:USW00013988,KANSAS CITY DOWNTOWN AIRPORT MO US,20150927,0,-9999,272,161
GHCND:USW00013988,KANSAS CITY DOWNTOWN AIRPORT MO US,20150928,0,-9999,300,172
GHCND:USW00013988,KANSAS CITY DOWNTOWN AIRPORT MO US,20150929,0,-9999,244,178
GHCND:USW00013988,KANSAS CITY DOWNTOWN AIRPORT MO US,20150930,0,-9999,228,117
GHCND:USW00013988,KANSAS CITY DOWNTOWN AIRPORT MO US,20151001,0,-9999,211,89
GHCND:USW00013988,KANSAS CITY DOWNTOWN AIRPORT MO US,20151002,0,-9999,194,72
GHCND:USW00013988,KANSAS CITY DOWNTOWN AIRPORT MO US,20151003,0,-9999,200,72
GHCND:USW00013988,KANSAS CITY DOWNTOWN AIRPORT MO US,20151004,0,-9999,161,72
GHCND:USW00013988,KANSAS CITY DOWNTOWN AIRPORT MO US,20151005,0,-9999,183,117
GHCND:USW00013988,KANSAS CITY DOWNTOWN AIRPORT MO US,20151006,0,-9999,211,144
GHCND:USW00013988,KANSAS CITY DOWNTOWN AIRPORT MO US,20151007,0,-9999,250,117
GHCND:USW00013988,KANSAS CITY DOWNTOWN AIRPORT MO US,20151008,3,-9999,300,172
GHCND:USW00013988,KANSAS CITY DOWNTOWN AIRPORT MO US,20151009,5,-9999,183,100
GHCND:USW00013988,KANSAS CITY DOWNTOWN AIRPORT MO US,20151010,0,-9999,233,78
GHCND:USW00013988,KANSAS CITY DOWNTOWN AIRPORT MO US,20151011,0,-9999,300,156
GHCND:USW00013988,KANSAS CITY DOWNTOWN AIRPORT MO US,20151012,0,-9999,267,133
GHCND:USW00013988,KANSAS CITY DOWNTOWN AIRPORT MO US,20151013,0,-9999,256,83
GHCND:USW00013988,KANSAS CITY DOWNTOWN AIRPORT MO US,20151014,0,-9999,244,111
GHCND:USW00013988,KANSAS CITY DOWNTOWN AIRPORT MO US,20151015,0,-9999,261,83
GHCND:USW00013988,KANSAS CITY DOWNTOWN AIRPORT MO US,20151016,0,-9999,183,56
GHCND:USW00013988,KANSAS CITY DOWNTOWN AIRPORT MO US,20151017,0,-9999,167,72
GHCND:USW00013988,KANSAS CITY DOWNTOWN AIRPORT MO US,20151018,0,-9999,222,106
GHCND:USW00013988,KANSAS CITY DOWNTOWN AIRPORT MO US,20151019,0,-9999,267,139
GHCND:USW00013988,KANSAS CITY DOWNTOWN AIRPORT MO US,20151020,0,-9999,289,167
GHCND:USW00013988,KANSAS CITY DOWNTOWN AIRPORT MO US,20151021,0,-9999,289,189
GHCND:USW00013988,KANSAS CITY DOWNTOWN AIRPORT MO US,20151022,0,-9999,267,156
GHCND:USW00013988,KANSAS CITY DOWNTOWN AIRPORT MO US,20151023,46,-9999,239,161
GHCND:USW00013988,KANSAS CITY DOWNTOWN AIRPORT MO US,20151024,0,-9999,183,83
GHCND:USW00013988,KANSAS CITY DOWNTOWN AIRPORT MO US,20151025,0,-9999,189,39
GHCND:USW00013988,KANSAS CITY DOWNTOWN AIRPORT MO US,20151026,0,-9999,183,50
GHCND:USW00013988,KANSAS CITY DOWNTOWN AIRPORT MO US,20151027,13,-9999,144,117
GHCND:USW00013988,KANSAS CITY DOWNTOWN AIRPORT MO US,20151028,0,-9999,161,72
GHCND:USW00013988,KANSAS CITY DOWNTOWN AIRPORT MO US,20151029,0,-9999,139,28
GHCND:USW00013988,KANSAS CITY DOWNTOWN AIRPORT MO US,20151030,56,-9999,117,22
GHCND:USW00013988,KANSAS CITY DOWNTOWN AIRPORT MO US,20151031,38,-9999,139,78
