STATION,STATION_NAME,DATE,DLY-PRCP-25PCTL,DLY-PRCP-50PCTL,DLY-PRCP-75PCTL,MTD-PRCP-NORMAL,MTD-SNOW-NORMAL,YTD-PRCP-NORMAL,YTD-SNOW-NORMAL,DLY-PRCP-PCTALL-GE001HI,DLY-PRCP-PCTALL-GE010HI,DLY-PRCP-PCTALL-GE050HI,DLY-PRCP-PCTALL-GE100HI,DLY-SNWD-PCTALL-GE001WI,DLY-SNWD-PCTALL-GE010WI,DLY-SNWD-PCTALL-GE003WI,DLY-SNWD-PCTALL-GE005WI,DLY-SNOW-PCTALL-GE001TI,DLY-SNOW-PCTALL-GE010TI,DLY-SNOW-PCTALL-GE100TI,DLY-SNOW-PCTALL-GE030TI,DLY-SNOW-PCTALL-GE050TI,*,*,*,*,*,*,DLY-TAVG-NORMAL,DLY-DUTR-NORMAL,DLY-TMAX-NORMAL,DLY-TMIN-NORMAL,DLY-TAVG-STDDEV,DLY-DUTR-STDDEV,DLY-TMAX-STDDEV,DLY-TMIN-STDDEV
GHCND:USW00023174,LOS ANGELES INTERNATIONAL AIRPORT CA US,20100101,6,23,65,9,0,9,0,188,130,57,22,0,0,0,0,0,0,0,0,0,0,0,0,0,0,0,564,160,643,484,45,72,68,45
GHCND:USW00023174,LOS ANGELES INTERNATIONAL AIRPORT CA US,20100102,6,24,65,18,0,18,0,188,131,57,22,0,0,0,0,0,0,0,0,0,0,0,0,0,0,0,564,160,644,484,46,72,69,45
GHCND:USW00023174,LOS ANGELES INTERNATIONAL AIRPORT CA US,20100103,6,24,66,27,0,27,0,189,132,58,23,0,0,0,0,0,0,0,0,0,0,0,0,0,0,0,564,160,644,484,46,72,69,45
GHCND:USW00023174,LOS ANGELES INTERNATIONAL AIRPORT CA US,20100104,7,24,66,36,0,36,0,189,132,58,23,0,0,0,0,0,0,0,0,0,0,0,0,0,0,0,565,160,644,485,46,72,69,45
GHCND:USW00023174,LOS ANGELES INTERNATIONAL AIRPORT CA US,20100105,7,24,66,45,0,45,0,188,132,58,23,0,0,0,0,0,0,0,0,0,0,0,0,0,0,0,565,160,645,485,46,72,69,45
GHCND:USW00023174,LOS ANGELES INTERNATIONAL AIRPORT CA US,20100106,7,24,66,54,0,54,0,188,132,58,23,0,0,0,0,0,0,0,0,0,0,0,0,0,0,0,565,160,645,485,46,72,69,45
GHCND:USW00023174,LOS ANGELES INTERNATIONAL AIRPORT CA US,20100107,7,24,66,62,0,62,0,188,132,58,24,0,0,0,0,0,0,0,0,0,0,0,0,0,0,0,565,160,645,486,46,72,70,45
GHCND:USW00023174,LOS ANGELES INTERNATIONAL AIRPORT CA US,20100108,7,25,66,71,0,71,0,187,132,58,24,0,0,0,0,0,0,0,0,0,0,0,0,0,0,0,566,160,646,486,46,72,70,45
GHCND:USW00023174,LOS ANGELES INTERNATIONAL AIRPORT CA US,20100109,7,25,66,80,0,80,0,187,133,58,24,0,0,0,0,0,0,0,0,0,0,0,0,0,0,0,566,160,646,486,46,72,70,45
GHCND:USW00023174,LOS ANGELES INTERNATIONAL AIRPORT CA US,20100110,7,25,66,90,0,90,0,187,133,58,24,0,0,0,0,0,0,0,0,0,0,0,0,0,0,0,566,160,646,486,46,72,70,45
GHCND:USW00023174,LOS ANGELES INTERNATIONAL AIRPORT CA US,20100111,7,25,66,99,0,99,0,187,134,58,23,0,0,0,0,0,0,0,0,0,0,0,0,0,0,0,566,160,646,487,46,72,70,45
GHCND:USW00023174,LOS ANGELES INTERNATIONAL AIRPORT CA US,20100112,8,25,66,108,0,108,0,187,134,58,23,0,0,0,0,0,0,0,0,0,0,0,0,0,0,0,567,159,646,487,46,72,70,45
GHCND:USW00023174,LOS ANGELES INTERNATIONAL AIRPORT CA US,20100113,8,25,66,117,0,117,0,187,135,58,23,0,0,0,0,0,0,0,0,0,0,0,0,0,0,0,567,159,647,487,47,72,70,44
GHCND:USW00023174,LOS ANGELES INTERNATIONAL AIRPORT CA US,20100114,8,25,65,126,0,126,0,188,135,58,23,0,0,0,0,0,0,0,0,0,0,0,0,0,0,0,567,159,647,488,47,72,70,44
GHCND:USW00023174,LOS ANGELES INTERNATIONAL AIRPORT CA US,20100115,8,25,65,135,0,135,0,188,136,58,23,0,0,0,0,0,0,0,0,0,0,0,0,0,0,0,567,159,647,488,47,72,71,44
GHCND:USW00023174,LOS ANGELES INTERNATIONAL AIRPORT CA US,20100116,8,25,65,144,0,144,0,189,137,58,23,0,0,0,0,0,0,0,0,0,0,0,0,0,0,0,568,159,647,488,47,72,71,44
GHCND:USW00023174,LOS ANGELES INTERNATIONAL AIRPORT CA US,20100117,8,25,65,153,0,153,0,189,138,58,23,0,0,0,0,0,0,0,0,0,0,0,0,0,0,0,568,159,647,488,47,72,71,44
GHCND:USW00023174,LOS ANGELES INTERNATIONAL AIRPORT CA US,20100118,8,25,65,161,0,161,0,190,139,58,23,0,0,0,0,0,0,0,0,0,0,0,0,0,0,0,568,159,647,489,47,72,71,43
GHCND:USW00023174,LOS ANGELES INTERNATIONAL AIRPORT CA US,20100119,8,25,64,170,0,170,0,191,140,59,23,0,0,0,0,0,0,0,0,0,0,0,0,0,0,0,568,158,647,489,47,71,71,43
GHCND:USW00023174,LOS ANGELES INTERNATIONAL AIRPORT CA US,20100120,9,25,64,178,0,178,0,192,141,59,23,0,0,0,0,0,0,0,0,0,0,0,0,0,0,0,568,158,647,489,47,71,71,43
GHCND:USW00023174,LOS ANGELES INTERNATIONAL AIRPORT CA US,20100121,9,25,64,186,0,186,0,194,143,59,23,0,0,0,0,0,0,0,0,0,0,0,0,0,0,0,568,158,647,489,47,71,71,43
GHCND:USW00023174,LOS ANGELES INTERNATIONAL AIRPORT CA US,20100122,9,25,63,194,0,194,0,195,144,60,23,0,0,0,0,0,0,0,0,0,0,0,0,0,0,0,568,157,647,490,47,70,71,43
GHCND:USW00023174,LOS ANGELES INTERNATIONAL AIRPORT CA US,20100123,9,25,63,202,0,202,0,196,145,60,23,0,0,0,0,0,0,0,0,0,0,0,0,0,0,0,568,157,647,490,47,70,71,43
GHCND:USW00023174,LOS ANGELES INTERNATIONAL AIRPORT CA US,20100124,9,26,63,211,0,211,0,197,146,61,23,0,0,0,0,0,0,0,0,0,0,0,0,0,0,0,568,157,647,490,47,70,71,43
GHCND:USW00023174,LOS ANGELES INTERNATIONAL AIRPORT CA US,20100125,9,26,63,219,0,219,0,198,148,61,24,0,0,0,0,0,0,0,0,0,0,0,0,0,0,0,568,156,647,490,47,70,71,43
GHCND:USW00023174,LOS ANGELES INTERNATIONAL AIRPORT CA US,20100126,9,26,63,227,0,227,0,200,149,62,24,0,0,0,0,0,0,0,0,0,0,0,0,0,0,0,569,156,646,491,47,70,71,42
GHCND:USW00023174,LOS ANGELES INTERNATIONAL AIRPORT CA US,20100127,9,26,62,235,0,235,0,201,150,62,24,0,0,0,0,0,0,0,0,0,0,0,0,0,0,0,569,155,646,491,47,70,71,42
GHCND:USW00023174,LOS ANGELES INTERNATIONAL AIRPORT CA US,20100128,9,26,62,243,0,243,0,202,151,63,24,0,0,0,0,0,0,0,0,0,0,0,0,0,0,0,569,155,646,491,47,69,71,42
GHCND:USW00023174,LOS ANGELES INTERNATIONAL AIRPORT CA US,20100129,9,26,62,252,0,252,0,204,152,63,25,0,0,0,0,0,0,0,0,0,0,0,0,0,0,0,569,154,646,492,47,69,71,42
GHCND:USW00023174,LOS ANGELES INTERNATIONAL AIRPORT CA US,20100130,9,26,62,261,0,261,0,205,153,64,25,0,0,0,0,0,0,0,0,0,0,0,0,0,0,0,569,154,646,492,47,69,71,42
GHCND:USW00023174,LOS ANGELES INTERNATIONAL AIRPORT CA US,20100131,9,26,62,271,0,271,0,206,154,65,26,0,0,0,0,0,0,0,0,0,0,0,0,0,0,0,569,153,646,492,47,69,71,42
GHCND:USW00023174,LOS ANGELES INTERNATIONAL AIRPORT CA US,20100201,10,26,62,10,0,281,0,208,155,65,26,0,0,0,0,0,0,0,0,0,0,0,0,0,0,0,569,153,645,493,47,69,71,42
GHCND:USW00023174,LOS ANGELES INTERNATIONAL AIRPORT CA US,20100202,10,26,62,20,0,291,0,209,157,66,26,0,0,0,0,0,0,0,0,0,0,0,0,0,0,0,569,152,645,493,47,69,71,42
GHCND:USW00023174,LOS ANGELES INTERNATIONAL AIRPORT CA US,20100203,10,26,61,31,0,302,0,212,159,67,27,0,0,0,0,0,0,0,0,0,0,0,0,0,0,0,569,152,645,493,47,69,71,42
GHCND:USW00023174,LOS ANGELES INTERNATIONAL AIRPORT CA US,20100204,10,26,61,42,0,313,0,214,161,68,27,0,0,0,0,0,0,0,0,0,0,0,0,0,0,0,569,151,645,494,47,69,71,41
GHCND:USW00023174,LOS ANGELES INTERNATIONAL AIRPORT CA US,20100205,10,27,61,53,0,324,0,217,163,69,28,0,0,0,0,0,0,0,0,0,0,0,0,0,0,0,569,150,644,494,47,69,71,41
GHCND:USW00023174,LOS ANGELES INTERNATIONAL AIRPORT CA US,20100206,10,27,61,64,0,335,0,220,165,70,28,0,0,0,0,0,0,0,0,0,0,0,0,0,0,0,570,150,644,495,47,69,71,41
GHCND:USW00023174,LOS ANGELES INTERNATIONAL AIRPORT CA US,20100207,10,26,61,75,0,346,0,222,167,71,29,0,0,0,0,0,0,0,0,0,0,0,0,0,0,0,570,149,644,495,47,69,72,41
GHCND:USW00023174,LOS ANGELES INTERNATIONAL AIRPORT CA US,20100208,10,26,60,87,0,358,0,225,168,71,29,0,0,0,0,0,0,0,0,0,0,0,0,0,0,0,570,148,644,496,47,69,72,41
GHCND:USW00023174,LOS ANGELES INTERNATIONAL AIRPORT CA US,20100209,9,26,60,98,0,369,0,226,169,72,30,0,0,0,0,0,0,0,0,0,0,0,0,0,0,0,570,147,644,496,47,69,72,41
GHCND:USW00023174,LOS ANGELES INTERNATIONAL AIRPORT CA US,20100210,9,26,60,109,0,380,0,228,170,72,31,0,0,0,0,0,0,0,0,0,0,0,0,0,0,0,570,147,643,497,47,69,72,41
GHCND:USW00023174,LOS ANGELES INTERNATIONAL AIRPORT CA US,20100211,9,26,60,121,0,392,0,229,170,73,31,0,0,0,0,0,0,0,0,0,0,0,0,0,0,0,570,146,643,497,47,69,72,41
GHCND:USW00023174,LOS ANGELES INTERNATIONAL AIRPORT CA US,20100212,9,26,60,133,0,404,0,230,171,73,32,0,0,0,0,0,0,0,0,0,0,0,0,0,0,0,571,145,643,498,47,69,71,41
GHCND:USW00023174,LOS ANGELES INTERNATIONAL AIRPORT CA US,20100213,9,26,60,145,0,416,0,231,171,73,32,0,0,0,0,0,0,0,0,0,0,0,0,0,0,0,571,144,643,499,47,68,71,41
GHCND:USW00023174,LOS ANGELES INTERNATIONAL AIRPORT CA US,20100214,9,25,59,157,0,428,0,232,171,73,32,0,0,0,0,0,0,0,0,0,0,0,0,0,0,0,571,144,643,499,47,68,71,41
GHCND:USW00023174,LOS ANGELES INTERNATIONAL AIRPORT CA US,20100215,8,25,59,170,0,441,0,232,171,73,33,0,0,0,0,0,0,0,0,0,0,0,0,0,0,0,571,143,643,500,47,68,71,41
GHCND:USW00023174,LOS ANGELES INTERNATIONAL AIRPORT CA US,20100216,8,25,59,183,0,454,0,233,171,73,33,0,0,0,0,0,0,0,0,0,0,0,0,0,0,0,572,142,643,501,46,68,70,40
GHCND:USW00023174,LOS ANGELES INTERNATIONAL AIRPORT CA US,20100217,8,25,59,196,0,467,0,233,170,72,33,0,0,0,0,0,0,0,0,0,0,0,0,0,0,0,572,141,642,501,46,67,70,40
GHCND:USW00023174,LOS ANGELES INTERNATIONAL AIRPORT CA US,20100218,8,25,59,208,0,479,0,233,170,72,33,0,0,0,0,0,0,0,0,0,0,0,0,0,0,0,572,140,642,502,46,67,70,40
GHCND:USW00023174,LOS ANGELES INTERNATIONAL AIRPORT CA US,20100219,8,24,59,221,0,492,0,233,170,72,33,0,0,0,0,0,0,0,0,0,0,0,0,0,0,0,572,140,642,503,46,67,69,40
GHCND:USW00023174,LOS ANGELES INTERNATIONAL AIRPORT CA US,20100220,8,24,59,234,0,505,0,233,169,71,33,0,0,0,0,0,0,0,0,0,0,0,0,0,0,0,573,139,642,503,45,66,69,40
GHCND:USW00023174,LOS ANGELES INTERNATIONAL AIRPORT CA US,20100221,8,24,59,247,0,518,0,232,168,71,33,0,0,0,0,0,0,0,0,0,0,0,0,0,0,0,573,138,642,504,45,66,68,40
GHCND:USW00023174,LOS ANGELES INTERNATIONAL AIRPORT CA US,20100222,7,24,58,259,0,530,0,231,167,70,33,0,0,0,0,0,0,0,0,0,0,0,0,0,0,0,573,137,642,505,45,66,68,40
GHCND:USW00023174,LOS ANGELES INTERNATIONAL AIRPORT CA US,20100223,7,23,58,270,0,541,0,230,166,69,32,0,0,0,0,0,0,0,0,0,0,0,0,0,0,0,574,136,642,505,45,65,67,40
GHCND:USW00023174,LOS ANGELES INTERNATIONAL AIRPORT CA US,20100224,7,23,58,282,0,553,0,229,165,68,32,0,0,0,0,0,0,0,0,0,0,0,0,0,0,0,574,136,642,506,44,65,67,39
GHCND:USW00023174,LOS ANGELES INTERNATIONAL AIRPORT CA US,20100225,7,23,57,293,0,564,0,228,163,68,31,0,0,0,0,0,0,0,0,0,0,0,0,0,0,0,574,135,642,507,44,64,66,39
GHCND:USW00023174,LOS ANGELES INTERNATIONAL AIRPORT CA US,20100226,7,22,57,304,0,575,0,227,162,67,31,0,0,0,0,0,0,0,0,0,0,0,0,0,0,0,575,134,642,507,44,64,66,39
GHCND:USW00023174,LOS ANGELES INTERNATIONAL AIRPORT CA US,20100227,7,22,57,315,0,586,0,226,160,66,30,0,0,0,0,0,0,0,0,0,0,0,0,0,0,0,575,134,642,508,44,63,66,39
GHCND:USW00023174,LOS ANGELES INTERNATIONAL AIRPORT CA US,20100228,6,22,56,325,0,596,0,225,159,65,30,0,0,0,0,0,0,0,0,0,0,0,0,0,0,0,575,133,642,509,43,63,65,38
GHCND:USW00023174,LOS ANGELES INTERNATIONAL AIRPORT CA US,20100301,6,21,55,9,0,605,0,222,155,63,28,0,0,0,0,0,0,0,0,0,0,0,0,0,0,0,576,132,642,509,43,62,65,38
GHCND:USW00023174,LOS ANGELES INTERNATIONAL AIRPORT CA US,20100302,6,20,54,18,0,614,0,221,152,61,27,0,0,0,0,0,0,0,0,0,0,0,0,0,0,0,576,132,642,510,43,62,64,38
GHCND:USW00023174,LOS ANGELES INTERNATIONAL AIRPORT CA US,20100303,5,20,53,26,0,622,0,218,150,60,26,0,0,0,0,0,0,0,0,0,0,0,0,0,0,0,576,131,642,511,43,61,64,38
GHCND:USW00023174,LOS ANGELES INTERNATIONAL AIRPORT CA US,20100304,5,20,53,35,0,631,0,216,147,58,25,0,0,0,0,0,0,0,0,0,0,0,0,0,0,0,576,130,642,511,42,61,63,38
GHCND:USW00023174,LOS ANGELES INTERNATIONAL AIRPORT CA US,20100305,5,19,52,43,0,639,0,213,144,57,24,0,0,0,0,0,0,0,0,0,0,0,0,0,0,0,577,130,642,512,42,60,63,38
GHCND:USW00023174,LOS ANGELES INTERNATIONAL AIRPORT CA US,20100306,5,19,51,51,0,647,0,210,140,55,23,0,0,0,0,0,0,0,0,0,0,0,0,0,0,0,577,129,642,512,42,60,62,37
GHCND:USW00023174,LOS ANGELES INTERNATIONAL AIRPORT CA US,20100307,5,19,51,59,0,655,0,206,137,54,23,0,0,0,0,0,0,0,0,0,0,0,0,0,0,0,577,129,642,513,42,60,62,37
GHCND:USW00023174,LOS ANGELES INTERNATIONAL AIRPORT CA US,20100308,5,18,50,66,0,662,0,203,134,52,22,0,0,0,0,0,0,0,0,0,0,0,0,0,0,0,578,128,642,514,41,59,62,37
GHCND:USW00023174,LOS ANGELES INTERNATIONAL AIRPORT CA US,20100309,4,18,50,74,0,670,0,200,131,51,21,0,0,0,0,0,0,0,0,0,0,0,0,0,0,0,578,128,642,514,41,59,61,37
GHCND:USW00023174,LOS ANGELES INTERNATIONAL AIRPORT CA US,20100310,4,18,49,81,0,677,0,197,129,49,20,0,0,0,0,0,0,0,0,0,0,0,0,0,0,0,578,127,642,515,41,59,61,37
GHCND:USW00023174,LOS ANGELES INTERNATIONAL AIRPORT CA US,20100311,4,18,48,88,0,684,0,194,126,48,19,0,0,0,0,0,0,0,0,0,0,0,0,0,0,0,579,127,642,515,41,59,61,36
GHCND:USW00023174,LOS ANGELES INTERNATIONAL AIRPORT CA US,20100312,4,18,48,95,0,691,0,191,124,47,18,0,0,0,0,0,0,0,0,0,0,0,0,0,0,0,579,127,642,516,41,58,61,36
GHCND:USW00023174,LOS ANGELES INTERNATIONAL AIRPORT CA US,20100313,4,17,47,101,0,697,0,188,121,46,17,0,0,0,0,0,0,0,0,0,0,0,0,0,0,0,579,126,642,516,41,58,61,36
GHCND:USW00023174,LOS ANGELES INTERNATIONAL AIRPORT CA US,20100314,5,17,47,107,0,703,0,185,119,45,16,0,0,0,0,0,0,0,0,0,0,0,0,0,0,0,579,126,643,516,41,58,61,36
GHCND:USW00023174,LOS ANGELES INTERNATIONAL AIRPORT CA US,20100315,4,17,47,113,0,709,0,182,117,44,15,0,0,0,0,0,0,0,0,0,0,0,0,0,0,0,580,126,643,517,41,58,61,36
GHCND:USW00023174,LOS ANGELES INTERNATIONAL AIRPORT CA US,20100316,4,17,46,119,0,715,0,179,114,42,15,0,0,0,0,0,0,0,0,0,0,0,0,0,0,0,580,126,643,517,41,58,61,36
GHCND:USW00023174,LOS ANGELES INTERNATIONAL AIRPORT CA US,20100317,4,17,46,124,0,720,0,176,111,41,14,0,0,0,0,0,0,0,0,0,0,0,0,0,0,0,580,126,643,518,41,58,61,36
GHCND:USW00023174,LOS ANGELES INTERNATIONAL AIRPORT CA US,20100318,4,17,45,129,0,725,0,173,109,40,13,0,0,0,0,0,0,0,0,0,0,0,0,0,0,0,581,125,644,518,41,58,61,36
GHCND:USW00023174,LOS ANGELES INTERNATIONAL AIRPORT CA US,20100319,4,17,45,134,0,730,0,170,106,39,12,0,0,0,0,0,0,0,0,0,0,0,0,0,0,0,581,125,644,518,41,58,61,36
GHCND:USW00023174,LOS ANGELES INTERNATIONAL AIRPORT CA US,20100320,4,17,44,139,0,735,0,167,103,38,12,0,0,0,0,0,0,0,0,0,0,0,0,0,0,0,582,125,644,519,41,58,61,36
GHCND:USW00023174,LOS ANGELES INTERNATIONAL AIRPORT CA US,20100321,4,17,44,143,0,739,0,164,101,37,11,0,0,0,0,0,0,0,0,0,0,0,0,0,0,0,582,125,645,519,41,57,61,36
GHCND:USW00023174,LOS ANGELES INTERNATIONAL AIRPORT CA US,20100322,4,17,43,148,0,744,0,161,98,36,11,0,0,0,0,0,0,0,0,0,0,0,0,0,0,0,582,125,645,520,41,57,61,35
GHCND:USW00023174,LOS ANGELES INTERNATIONAL AIRPORT CA US,20100323,4,17,43,152,0,748,0,159,96,35,10,0,0,0,0,0,0,0,0,0,0,0,0,0,0,0,583,125,645,520,41,57,62,35
GHCND:USW00023174,LOS ANGELES INTERNATIONAL AIRPORT CA US,20100324,4,17,43,157,0,753,0,156,94,35,10,0,0,0,0,0,0,0,0,0,0,0,0,0,0,0,583,125,646,520,41,57,62,35
GHCND:USW00023174,LOS ANGELES INTERNATIONAL AIRPORT CA US,20100325,4,17,43,161,0,757,0,153,92,34,9,0,0,0,0,0,0,0,0,0,0,0,0,0,0,0,584,125,646,521,41,57,62,35
GHCND:USW00023174,LOS ANGELES INTERNATIONAL AIRPORT CA US,20100326,4,16,42,165,0,761,0,150,90,33,9,0,0,0,0,0,0,0,0,0,0,0,0,0,0,0,584,126,647,521,41,57,62,35
GHCND:USW00023174,LOS ANGELES INTERNATIONAL AIRPORT CA US,20100327,4,16,41,169,0,765,0,147,87,31,8,0,0,0,0,0,0,0,0,0,0,0,0,0,0,0,585,126,647,522,41,56,62,35
GHCND:USW00023174,LOS ANGELES INTERNATIONAL AIRPORT CA US,20100328,4,16,41,173,0,769,0,144,85,30,8,0,0,0,0,0,0,0,0,0,0,0,0,0,0,0,585,126,648,522,41,56,61,35
GHCND:USW00023174,LOS ANGELES INTERNATIONAL AIRPORT CA US,20100329,4,16,40,177,0,773,0,141,82,29,7,0,0,0,0,0,0,0,0,0,0,0,0,0,0,0,586,126,649,523,41,56,61,35
GHCND:USW00023174,LOS ANGELES INTERNATIONAL AIRPORT CA US,20100330,4,16,40,181,0,777,0,137,80,28,7,0,0,0,0,0,0,0,0,0,0,0,0,0,0,0,586,126,649,523,41,56,61,35
GHCND:USW00023174,LOS ANGELES INTERNATIONAL AIRPORT CA US,20100331,4,16,40,185,0,781,0,134,78,27,7,0,0,0,0,0,0,0,0,0,0,0,0,0,0,0,587,126,650,524,41,56,61,35
GHCND:USW00023174,LOS ANGELES INTERNATIONAL AIRPORT CA US,20100401,4,16,40,3,0,784,0,131,76,27,6,0,0,0,0,0,0,0,0,0,0,0,0,0,0,0,588,127,651,524,41,55,61,35
GHCND:USW00023174,LOS ANGELES INTERNATIONAL AIRPORT CA US,20100402,4,16,40,7,0,788,0,128,75,26,6,0,0,0,0,0,0,0,0,0,0,0,0,0,0,0,588,127,652,525,41,55,61,35
GHCND:USW00023174,LOS ANGELES INTERNATIONAL AIRPORT CA US,20100403,4,16,40,10,0,791,0,125,73,25,6,0,0,0,0,0,0,0,0,0,0,0,0,0,0,0,589,127,653,526,41,55,61,35
GHCND:USW00023174,LOS ANGELES INTERNATIONAL AIRPORT CA US,20100404,4,16,40,14,0,795,0,123,72,25,6,0,0,0,0,0,0,0,0,0,0,0,0,0,0,0,590,127,653,526,41,55,61,35
GHCND:USW00023174,LOS ANGELES INTERNATIONAL AIRPORT CA US,20100405,4,16,40,17,0,798,0,120,71,24,5,0,0,0,0,0,0,0,0,0,0,0,0,0,0,0,591,127,654,527,41,54,61,34
GHCND:USW00023174,LOS ANGELES INTERNATIONAL AIRPORT CA US,20100406,4,16,40,20,0,801,0,118,69,23,5,0,0,0,0,0,0,0,0,0,0,0,0,0,0,0,591,127,655,528,41,54,61,34
GHCND:USW00023174,LOS ANGELES INTERNATIONAL AIRPORT CA US,20100407,4,16,40,23,0,804,0,115,68,23,5,0,0,0,0,0,0,0,0,0,0,0,0,0,0,0,592,127,656,529,41,54,61,34
GHCND:USW00023174,LOS ANGELES INTERNATIONAL AIRPORT CA US,20100408,4,16,40,26,0,807,0,113,66,22,5,0,0,0,0,0,0,0,0,0,0,0,0,0,0,0,593,128,657,529,41,54,61,34
GHCND:USW00023174,LOS ANGELES INTERNATIONAL AIRPORT CA US,20100409,4,16,40,29,0,810,0,111,64,22,4,0,0,0,0,0,0,0,0,0,0,0,0,0,0,0,594,128,658,530,41,54,61,34
GHCND:USW00023174,LOS ANGELES INTERNATIONAL AIRPORT CA US,20100410,4,16,41,32,0,813,0,109,63,21,4,0,0,0,0,0,0,0,0,0,0,0,0,0,0,0,595,128,659,531,41,53,61,34
GHCND:USW00023174,LOS ANGELES INTERNATIONAL AIRPORT CA US,20100411,4,16,41,34,0,815,0,107,62,20,4,0,0,0,0,0,0,0,0,0,0,0,0,0,0,0,596,128,660,532,41,53,61,34
GHCND:USW00023174,LOS ANGELES INTERNATIONAL AIRPORT CA US,20100412,-666,-666,-666,36,0,817,0,105,60,20,4,0,0,0,0,0,0,0,0,0,0,0,0,0,0,0,597,128,661,533,41,53,61,34
GHCND:USW00023174,LOS ANGELES INTERNATIONAL AIRPORT CA US,20100413,-666,-666,-666,38,0,819,0,103,59,19,4,0,0,0,0,0,0,0,0,0,0,0,0,0,0,0,598,128,662,534,41,53,61,34
GHCND:USW00023174,LOS ANGELES INTERNATIONAL AIRPORT CA US,20100414,-666,-666,-666,41,0,822,0,101,57,18,3,0,0,0,0,0,0,0,0,0,0,0,0,0,0,0,599,128,663,535,41,53,61,34
GHCND:USW00023174,LOS ANGELES INTERNATIONAL AIRPORT CA US,20100415,-666,-666,-666,43,0,824,0,99,56,18,3,0,0,0,0,0,0,0,0,0,0,0,0,0,0,0,600,128,664,536,41,52,61,34
GHCND:USW00023174,LOS ANGELES INTERNATIONAL AIRPORT CA US,20100416,-666,-666,-666,45,0,826,0,97,55,17,3,0,0,0,0,0,0,0,0,0,0,0,0,0,0,0,601,127,665,537,41,52,60,34
GHCND:USW00023174,LOS ANGELES INTERNATIONAL AIRPORT CA US,20100417,-666,-666,-666,47,0,828,0,95,54,16,3,0,0,0,0,0,0,0,0,0,0,0,0,0,0,0,602,127,666,539,41,52,60,34
GHCND:USW00023174,LOS ANGELES INTERNATIONAL AIRPORT CA US,20100418,-666,-666,-666,49,0,830,0,93,53,16,3,0,0,0,0,0,0,0,0,0,0,0,0,0,0,0,603,127,667,540,41,51,60,34
GHCND:USW00023174,LOS ANGELES INTERNATIONAL AIRPORT CA US,20100419,-666,-666,-666,51,0,832,0,91,51,15,2,0,0,0,0,0,0,0,0,0,0,0,0,0,0,0,604,127,668,541,41,51,60,34
GHCND:USW00023174,LOS ANGELES INTERNATIONAL AIRPORT CA US,20100420,-666,-666,-666,53,0,834,0,89,50,15,2,0,0,0,0,0,0,0,0,0,0,0,0,0,0,0,605,126,669,542,41,51,59,34
GHCND:USW00023174,LOS ANGELES INTERNATIONAL AIRPORT CA US,20100421,-666,-666,-666,55,0,836,0,87,48,14,2,0,0,0,0,0,0,0,0,0,0,0,0,0,0,0,607,126,669,544,40,50,59,33
GHCND:USW00023174,LOS ANGELES INTERNATIONAL AIRPORT CA US,20100422,-666,-666,-666,57,0,838,0,85,47,13,2,0,0,0,0,0,0,0,0,0,0,0,0,0,0,0,608,126,670,545,40,50,59,33
GHCND:USW00023174,LOS ANGELES INTERNATIONAL AIRPORT CA US,20100423,-666,-666,-666,59,0,840,0,83,45,13,2,0,0,0,0,0,0,0,0,0,0,0,0,0,0,0,609,125,671,546,40,50,58,33
GHCND:USW00023174,LOS ANGELES INTERNATIONAL AIRPORT CA US,20100424,-666,-666,-666,60,0,841,0,81,44,12,2,0,0,0,0,0,0,0,0,0,0,0,0,0,0,0,610,125,672,547,40,49,58,33
GHCND:USW00023174,LOS ANGELES INTERNATIONAL AIRPORT CA US,20100425,-666,-666,-666,62,0,843,0,79,43,12,1,0,0,0,0,0,0,0,0,0,0,0,0,0,0,0,611,124,673,549,40,49,58,33
GHCND:USW00023174,LOS ANGELES INTERNATIONAL AIRPORT CA US,20100426,-666,-666,-666,64,0,845,0,77,41,12,1,0,0,0,0,0,0,0,0,0,0,0,0,0,0,0,612,123,673,550,39,49,57,32
GHCND:USW00023174,LOS ANGELES INTERNATIONAL AIRPORT CA US,20100427,-666,-666,-666,65,0,846,0,75,40,11,1,0,0,0,0,0,0,0,0,0,0,0,0,0,0,0,613,123,674,551,39,48,57,32
GHCND:USW00023174,LOS ANGELES INTERNATIONAL AIRPORT CA US,20100428,-666,-666,-666,67,0,848,0,73,39,11,1,0,0,0,0,0,0,0,0,0,0,0,0,0,0,0,614,122,675,553,39,48,57,32
GHCND:USW00023174,LOS ANGELES INTERNATIONAL AIRPORT CA US,20100429,-666,-666,-666,68,0,849,0,72,38,11,1,0,0,0,0,0,0,0,0,0,0,0,0,0,0,0,615,121,675,554,39,48,56,32
GHCND:USW00023174,LOS ANGELES INTERNATIONAL AIRPORT CA US,20100430,-666,-666,-666,70,0,851,0,70,37,10,1,0,0,0,0,0,0,0,0,0,0,0,0,0,0,0,616,121,676,555,38,47,56,32
GHCND:USW00023174,LOS ANGELES INTERNATIONAL AIRPORT CA US,20100501,-666,-666,-666,1,0,852,0,68,36,10,-9999,0,0,0,0,0,0,0,0,0,0,0,0,0,0,0,617,120,676,557,38,47,55,32
GHCND:USW00023174,LOS ANGELES INTERNATIONAL AIRPORT CA US,20100502,-666,-666,-666,3,0,854,0,67,35,10,-9999,0,0,0,0,0,0,0,0,0,0,0,0,0,0,0,617,119,677,558,38,46,54,32
GHCND:USW00023174,LOS ANGELES INTERNATIONAL AIRPORT CA US,20100503,-666,-666,-666,4,0,855,0,65,33,9,-9999,0,0,0,0,0,0,0,0,0,0,0,0,0,0,0,618,118,677,559,38,46,54,32
GHCND:USW00023174,LOS ANGELES INTERNATIONAL AIRPORT CA US,20100504,-666,-666,-666,5,0,856,0,63,32,9,-9999,0,0,0,0,0,0,0,0,0,0,0,0,0,0,0,619,117,678,560,37,45,53,32
GHCND:USW00023174,LOS ANGELES INTERNATIONAL AIRPORT CA US,20100505,-666,-666,-666,6,0,857,0,62,31,9,-9999,0,0,0,0,0,0,0,0,0,0,0,0,0,0,0,620,117,678,562,37,44,52,31
GHCND:USW00023174,LOS ANGELES INTERNATIONAL AIRPORT CA US,20100506,-666,-666,-666,6,0,857,0,60,30,8,-9999,0,0,0,0,0,0,0,0,0,0,0,0,0,0,0,621,116,679,563,36,44,51,31
GHCND:USW00023174,LOS ANGELES INTERNATIONAL AIRPORT CA US,20100507,-666,-666,-666,7,0,858,0,59,29,8,0,0,0,0,0,0,0,0,0,0,0,0,0,0,0,0,621,115,679,564,36,43,50,31
GHCND:USW00023174,LOS ANGELES INTERNATIONAL AIRPORT CA US,20100508,-666,-666,-666,8,0,859,0,57,27,8,0,0,0,0,0,0,0,0,0,0,0,0,0,0,0,0,622,114,679,565,35,42,49,31
GHCND:USW00023174,LOS ANGELES INTERNATIONAL AIRPORT CA US,20100509,-666,-666,-666,9,0,860,0,55,26,7,0,0,0,0,0,0,0,0,0,0,0,0,0,0,0,0,623,113,679,566,35,42,49,31
GHCND:USW00023174,LOS ANGELES INTERNATIONAL AIRPORT CA US,20100510,-666,-666,-666,10,0,861,0,53,25,7,0,0,0,0,0,0,0,0,0,0,0,0,0,0,0,0,624,112,680,567,34,41,48,31
GHCND:USW00023174,LOS ANGELES INTERNATIONAL AIRPORT CA US,20100511,-666,-666,-666,11,0,862,0,51,24,7,0,0,0,0,0,0,0,0,0,0,0,0,0,0,0,0,624,111,680,569,34,40,47,30
GHCND:USW00023174,LOS ANGELES INTERNATIONAL AIRPORT CA US,20100512,-666,-666,-666,12,0,863,0,50,23,7,0,0,0,0,0,0,0,0,0,0,0,0,0,0,0,0,625,110,680,570,33,39,46,30
GHCND:USW00023174,LOS ANGELES INTERNATIONAL AIRPORT CA US,20100513,-666,-666,-666,12,0,863,0,48,22,7,0,0,0,0,0,0,0,0,0,0,0,0,0,0,0,0,625,109,680,571,33,39,45,30
GHCND:USW00023174,LOS ANGELES INTERNATIONAL AIRPORT CA US,20100514,-666,-666,-666,13,0,864,0,46,21,6,0,0,0,0,0,0,0,0,0,0,0,0,0,0,0,0,626,109,680,572,32,38,44,30
GHCND:USW00023174,LOS ANGELES INTERNATIONAL AIRPORT CA US,20100515,-666,-666,-666,14,0,865,0,45,20,6,0,0,0,0,0,0,0,0,0,0,0,0,0,0,0,0,627,108,680,573,32,37,43,30
GHCND:USW00023174,LOS ANGELES INTERNATIONAL AIRPORT CA US,20100516,-666,-666,-666,14,0,865,0,43,19,6,0,0,0,0,0,0,0,0,0,0,0,0,0,0,0,0,627,107,681,574,32,37,42,30
GHCND:USW00023174,LOS ANGELES INTERNATIONAL AIRPORT CA US,20100517,-666,-666,-666,15,0,866,0,42,18,6,0,0,0,0,0,0,0,0,0,0,0,0,0,0,0,0,628,106,681,575,31,36,42,29
GHCND:USW00023174,LOS ANGELES INTERNATIONAL AIRPORT CA US,20100518,-666,-666,-666,15,0,866,0,40,17,5,0,0,0,0,0,0,0,0,0,0,0,0,0,0,0,0,628,105,681,576,31,36,41,29
GHCND:USW00023174,LOS ANGELES INTERNATIONAL AIRPORT CA US,20100519,-666,-666,-666,16,0,867,0,39,16,5,0,0,0,0,0,0,0,0,0,0,0,0,0,0,0,0,629,105,681,577,30,35,40,29
GHCND:USW00023174,LOS ANGELES INTERNATIONAL AIRPORT CA US,20100520,-666,-666,-666,17,0,868,0,38,16,5,0,0,0,0,0,0,0,0,0,0,0,0,0,0,0,0,629,104,682,577,30,35,40,29
GHCND:USW00023174,LOS ANGELES INTERNATIONAL AIRPORT CA US,20100521,-666,-666,-666,17,0,868,0,37,15,5,0,0,0,0,0,0,0,0,0,0,0,0,0,0,0,0,630,103,682,578,30,34,39,29
GHCND:USW00023174,LOS ANGELES INTERNATIONAL AIRPORT CA US,20100522,-666,-666,-666,18,0,869,0,36,15,5,0,0,0,0,0,0,0,0,0,0,0,0,0,0,0,0,631,103,682,579,30,34,39,29
GHCND:USW00023174,LOS ANGELES INTERNATIONAL AIRPORT CA US,20100523,-666,-666,-666,18,0,869,0,35,14,5,0,0,0,0,0,0,0,0,0,0,0,0,0,0,0,0,631,102,682,580,29,33,38,29
GHCND:USW00023174,LOS ANGELES INTERNATIONAL AIRPORT CA US,20100524,-666,-666,-666,19,0,870,0,34,13,4,0,0,0,0,0,0,0,0,0,0,0,0,0,0,0,0,632,102,683,581,29,33,38,29
GHCND:USW00023174,LOS ANGELES INTERNATIONAL AIRPORT CA US,20100525,-666,-666,-666,19,0,870,0,33,13,4,0,0,0,0,0,0,0,0,0,0,0,0,0,0,0,0,633,101,683,582,29,33,37,29
GHCND:USW00023174,LOS ANGELES INTERNATIONAL AIRPORT CA US,20100526,-666,-666,-666,20,0,871,0,32,12,4,0,0,0,0,0,0,0,0,0,0,0,0,0,0,0,0,633,101,684,583,29,32,37,28
GHCND:USW00023174,LOS ANGELES INTERNATIONAL AIRPORT CA US,20100527,-666,-666,-666,20,0,871,0,31,11,4,0,0,0,0,0,0,0,0,0,0,0,0,0,0,0,0,634,100,684,584,28,32,36,28
GHCND:USW00023174,LOS ANGELES INTERNATIONAL AIRPORT CA US,20100528,-666,-666,-666,21,0,872,0,30,11,4,0,0,0,0,0,0,0,0,0,0,0,0,0,0,0,0,635,100,685,585,28,32,36,28
GHCND:USW00023174,LOS ANGELES INTERNATIONAL AIRPORT CA US,20100529,-666,-666,-666,21,0,872,0,29,10,4,0,0,0,0,0,0,0,0,0,0,0,0,0,0,0,0,635,100,685,585,28,31,35,28
GHCND:USW00023174,LOS ANGELES INTERNATIONAL AIRPORT CA US,20100530,-666,-666,-666,22,0,873,0,29,10,3,0,0,0,0,0,0,0,0,0,0,0,0,0,0,0,0,636,100,686,586,27,31,35,28
GHCND:USW00023174,LOS ANGELES INTERNATIONAL AIRPORT CA US,20100531,-666,-666,-666,22,0,873,0,28,9,3,0,0,0,0,0,0,0,0,0,0,0,0,0,0,0,0,637,99,687,587,27,31,35,28
GHCND:USW00023174,LOS ANGELES INTERNATIONAL AIRPORT CA US,20100601,-666,-666,-666,0,0,873,0,27,9,3,0,0,0,0,0,0,0,0,0,0,0,0,0,0,0,0,638,99,688,588,27,31,35,28
GHCND:USW00023174,LOS ANGELES INTERNATIONAL AIRPORT CA US,20100602,-666,-666,-666,1,0,874,0,27,9,3,0,0,0,0,0,0,0,0,0,0,0,0,0,0,0,0,639,99,688,589,27,31,35,27
GHCND:USW00023174,LOS ANGELES INTERNATIONAL AIRPORT CA US,20100603,-666,-666,-666,1,0,874,0,26,8,3,0,0,0,0,0,0,0,0,0,0,0,0,0,0,0,0,640,99,689,590,27,31,35,27
GHCND:USW00023174,LOS ANGELES INTERNATIONAL AIRPORT CA US,20100604,-666,-666,-666,2,0,875,0,25,8,3,0,0,0,0,0,0,0,0,0,0,0,0,0,0,0,0,641,99,690,591,27,31,34,27
GHCND:USW00023174,LOS ANGELES INTERNATIONAL AIRPORT CA US,20100605,-666,-666,-666,2,0,875,0,25,8,3,0,0,0,0,0,0,0,0,0,0,0,0,0,0,0,0,642,99,691,592,27,31,34,27
GHCND:USW00023174,LOS ANGELES INTERNATIONAL AIRPORT CA US,20100606,-666,-666,-666,3,0,876,0,24,7,3,0,0,0,0,0,0,0,0,0,0,0,0,0,0,0,0,643,99,692,593,27,31,35,27
GHCND:USW00023174,LOS ANGELES INTERNATIONAL AIRPORT CA US,20100607,-666,-666,-666,3,0,876,0,23,7,2,0,0,0,0,0,0,0,0,0,0,0,0,0,0,0,0,644,99,694,594,27,31,35,27
GHCND:USW00023174,LOS ANGELES INTERNATIONAL AIRPORT CA US,20100608,-666,-666,-666,4,0,877,0,22,7,2,0,0,0,0,0,0,0,0,0,0,0,0,0,0,0,0,645,99,695,595,27,31,35,27
GHCND:USW00023174,LOS ANGELES INTERNATIONAL AIRPORT CA US,20100609,-666,-666,-666,4,0,877,0,22,6,2,0,0,0,0,0,0,0,0,0,0,0,0,0,0,0,0,646,100,696,597,27,31,35,27
GHCND:USW00023174,LOS ANGELES INTERNATIONAL AIRPORT CA US,20100610,-666,-666,-666,4,0,877,0,21,6,2,0,0,0,0,0,0,0,0,0,0,0,0,0,0,0,0,648,100,697,598,27,31,35,27
GHCND:USW00023174,LOS ANGELES INTERNATIONAL AIRPORT CA US,20100611,-666,-666,-666,5,0,878,0,20,6,2,0,0,0,0,0,0,0,0,0,0,0,0,0,0,0,0,649,100,699,599,27,31,35,26
GHCND:USW00023174,LOS ANGELES INTERNATIONAL AIRPORT CA US,20100612,-666,-666,-666,5,0,878,0,20,6,1,0,0,0,0,0,0,0,0,0,0,0,0,0,0,0,0,650,100,700,600,27,31,36,26
GHCND:USW00023174,LOS ANGELES INTERNATIONAL AIRPORT CA US,20100613,-666,-666,-666,5,0,878,0,19,5,1,0,0,0,0,0,0,0,0,0,0,0,0,0,0,0,0,651,100,702,601,27,31,36,26
GHCND:USW00023174,LOS ANGELES INTERNATIONAL AIRPORT CA US,20100614,-666,-666,-666,6,0,879,0,18,5,1,0,0,0,0,0,0,0,0,0,0,0,0,0,0,0,0,653,101,703,603,27,31,36,26
GHCND:USW00023174,LOS ANGELES INTERNATIONAL AIRPORT CA US,20100615,-666,-666,-666,6,0,879,0,18,5,1,0,0,0,0,0,0,0,0,0,0,0,0,0,0,0,0,654,101,705,604,27,31,36,26
GHCND:USW00023174,LOS ANGELES INTERNATIONAL AIRPORT CA US,20100616,-666,-666,-666,6,0,879,0,17,5,1,0,0,0,0,0,0,0,0,0,0,0,0,0,0,0,0,656,101,706,605,27,31,37,26
GHCND:USW00023174,LOS ANGELES INTERNATIONAL AIRPORT CA US,20100617,-666,-666,-666,6,0,879,0,17,5,1,0,0,0,0,0,0,0,0,0,0,0,0,0,0,0,0,657,101,708,606,27,32,37,26
GHCND:USW00023174,LOS ANGELES INTERNATIONAL AIRPORT CA US,20100618,-666,-666,-666,7,0,880,0,16,4,1,0,0,0,0,0,0,0,0,0,0,0,0,0,0,0,0,658,102,709,608,27,32,37,26
GHCND:USW00023174,LOS ANGELES INTERNATIONAL AIRPORT CA US,20100619,-666,-666,-666,7,0,880,0,15,4,1,0,0,0,0,0,0,0,0,0,0,0,0,0,0,0,0,660,102,711,609,27,32,37,25
GHCND:USW00023174,LOS ANGELES INTERNATIONAL AIRPORT CA US,20100620,-666,-666,-666,7,0,880,0,15,4,1,0,0,0,0,0,0,0,0,0,0,0,0,0,0,0,0,661,102,712,610,27,32,38,25
GHCND:USW00023174,LOS ANGELES INTERNATIONAL AIRPORT CA US,20100621,-666,-666,-666,7,0,880,0,14,4,1,0,0,0,0,0,0,0,0,0,0,0,0,0,0,0,0,663,102,714,612,28,32,38,25
GHCND:USW00023174,LOS ANGELES INTERNATIONAL AIRPORT CA US,20100622,-666,-666,-666,7,0,880,0,14,4,1,0,0,0,0,0,0,0,0,0,0,0,0,0,0,0,0,664,102,715,613,28,32,38,25
GHCND:USW00023174,LOS ANGELES INTERNATIONAL AIRPORT CA US,20100623,-666,-666,-666,7,0,880,0,13,4,1,0,0,0,0,0,0,0,0,0,0,0,0,0,0,0,0,666,102,717,614,28,32,38,25
GHCND:USW00023174,LOS ANGELES INTERNATIONAL AIRPORT CA US,20100624,-666,-666,-666,7,0,880,0,13,3,0,0,0,0,0,0,0,0,0,0,0,0,0,0,0,0,0,667,103,718,616,28,32,39,25
GHCND:USW00023174,LOS ANGELES INTERNATIONAL AIRPORT CA US,20100625,-666,-666,-666,7,0,880,0,12,3,0,0,0,0,0,0,0,0,0,0,0,0,0,0,0,0,0,668,103,720,617,28,32,39,25
GHCND:USW00023174,LOS ANGELES INTERNATIONAL AIRPORT CA US,20100626,-666,-666,-666,8,0,881,0,12,3,0,0,0,0,0,0,0,0,0,0,0,0,0,0,0,0,0,670,103,721,618,28,32,39,25
GHCND:USW00023174,LOS ANGELES INTERNATIONAL AIRPORT CA US,20100627,-666,-666,-666,8,0,881,0,12,3,0,0,0,0,0,0,0,0,0,0,0,0,0,0,0,0,0,671,103,723,620,28,32,39,25
GHCND:USW00023174,LOS ANGELES INTERNATIONAL AIRPORT CA US,20100628,-666,-666,-666,8,0,881,0,12,3,0,0,0,0,0,0,0,0,0,0,0,0,0,0,0,0,0,673,103,724,621,28,32,39,25
GHCND:USW00023174,LOS ANGELES INTERNATIONAL AIRPORT CA US,20100629,-666,-666,-666,8,0,881,0,12,3,0,0,0,0,0,0,0,0,0,0,0,0,0,0,0,0,0,674,103,725,622,29,32,39,25
GHCND:USW00023174,LOS ANGELES INTERNATIONAL AIRPORT CA US,20100630,-666,-666,-666,8,0,881,0,11,3,0,0,0,0,0,0,0,0,0,0,0,0,0,0,0,0,0,675,103,727,624,29,31,39,25
GHCND:USW00023174,LOS ANGELES INTERNATIONAL AIRPORT CA US,20100701,-666,-666,-666,0,0,881,0,11,3,0,0,0,0,0,0,0,0,0,0,0,0,0,0,0,0,0,676,103,728,625,29,31,39,25
GHCND:USW00023174,LOS ANGELES INTERNATIONAL AIRPORT CA US,20100702,-666,-666,-666,0,0,881,0,11,3,0,0,0,0,0,0,0,0,0,0,0,0,0,0,0,0,0,678,103,729,626,29,31,39,25
GHCND:USW00023174,LOS ANGELES INTERNATIONAL AIRPORT CA US,20100703,-666,-666,-666,0,0,881,0,11,3,0,0,0,0,0,0,0,0,0,0,0,0,0,0,0,0,0,679,103,730,627,29,31,40,25
GHCND:USW00023174,LOS ANGELES INTERNATIONAL AIRPORT CA US,20100704,-666,-666,-666,0,0,881,0,11,3,0,0,0,0,0,0,0,0,0,0,0,0,0,0,0,0,0,680,103,731,628,29,31,40,25
GHCND:USW00023174,LOS ANGELES INTERNATIONAL AIRPORT CA US,20100705,-666,-666,-666,0,0,881,0,11,3,0,0,0,0,0,0,0,0,0,0,0,0,0,0,0,0,0,681,103,732,629,29,31,39,25
GHCND:USW00023174,LOS ANGELES INTERNATIONAL AIRPORT CA US,20100706,-666,-666,-666,0,0,881,0,12,3,0,0,0,0,0,0,0,0,0,0,0,0,0,0,0,0,0,682,103,733,631,29,30,39,25
GHCND:USW00023174,LOS ANGELES INTERNATIONAL AIRPORT CA US,20100707,-666,-666,-666,1,0,882,0,12,3,0,0,0,0,0,0,0,0,0,0,0,0,0,0,0,0,0,683,102,734,632,29,30,39,25
GHCND:USW00023174,LOS ANGELES INTERNATIONAL AIRPORT CA US,20100708,-666,-666,-666,1,0,882,0,12,3,0,0,0,0,0,0,0,0,0,0,0,0,0,0,0,0,0,684,102,735,633,29,30,39,25
GHCND:USW00023174,LOS ANGELES INTERNATIONAL AIRPORT CA US,20100709,-666,-666,-666,1,0,882,0,12,3,0,0,0,0,0,0,0,0,0,0,0,0,0,0,0,0,0,685,102,736,634,29,30,39,25
GHCND:USW00023174,LOS ANGELES INTERNATIONAL AIRPORT CA US,20100710,-666,-666,-666,1,0,882,0,13,3,0,0,0,0,0,0,0,0,0,0,0,0,0,0,0,0,0,685,102,736,634,29,29,39,25
GHCND:USW00023174,LOS ANGELES INTERNATIONAL AIRPORT CA US,20100711,-666,-666,-666,1,0,882,0,13,3,0,0,0,0,0,0,0,0,0,0,0,0,0,0,0,0,0,686,102,737,635,29,29,38,25
GHCND:USW00023174,LOS ANGELES INTERNATIONAL AIRPORT CA US,20100712,-666,-666,-666,1,0,882,0,13,3,0,0,0,0,0,0,0,0,0,0,0,0,0,0,0,0,0,687,102,738,636,29,28,38,25
GHCND:USW00023174,LOS ANGELES INTERNATIONAL AIRPORT CA US,20100713,-666,-666,-666,1,0,882,0,13,3,0,0,0,0,0,0,0,0,0,0,0,0,0,0,0,0,0,687,101,738,637,29,28,38,25
GHCND:USW00023174,LOS ANGELES INTERNATIONAL AIRPORT CA US,20100714,-666,-666,-666,1,0,882,0,14,3,0,0,0,0,0,0,0,0,0,0,0,0,0,0,0,0,0,688,101,739,638,29,28,37,25
GHCND:USW00023174,LOS ANGELES INTERNATIONAL AIRPORT CA US,20100715,-666,-666,-666,1,0,882,0,14,3,0,0,0,0,0,0,0,0,0,0,0,0,0,0,0,0,0,689,101,739,638,28,27,37,25
GHCND:USW00023174,LOS ANGELES INTERNATIONAL AIRPORT CA US,20100716,-666,-666,-666,1,0,882,0,14,3,0,0,0,0,0,0,0,0,0,0,0,0,0,0,0,0,0,689,101,739,639,28,27,37,25
GHCND:USW00023174,LOS ANGELES INTERNATIONAL AIRPORT CA US,20100717,-666,-666,-666,2,0,883,0,14,3,0,0,0,0,0,0,0,0,0,0,0,0,0,0,0,0,0,690,101,740,639,28,27,37,25
GHCND:USW00023174,LOS ANGELES INTERNATIONAL AIRPORT CA US,20100718,-666,-666,-666,2,0,883,0,15,3,0,0,0,0,0,0,0,0,0,0,0,0,0,0,0,0,0,690,100,740,640,28,27,36,25
GHCND:USW00023174,LOS ANGELES INTERNATIONAL AIRPORT CA US,20100719,-666,-666,-666,2,0,883,0,15,3,0,0,0,0,0,0,0,0,0,0,0,0,0,0,0,0,0,690,100,740,640,28,26,36,25
GHCND:USW00023174,LOS ANGELES INTERNATIONAL AIRPORT CA US,20100720,-666,-666,-666,2,0,883,0,15,3,0,0,0,0,0,0,0,0,0,0,0,0,0,0,0,0,0,691,100,741,641,28,26,36,25
GHCND:USW00023174,LOS ANGELES INTERNATIONAL AIRPORT CA US,20100721,-666,-666,-666,2,0,883,0,15,3,0,0,0,0,0,0,0,0,0,0,0,0,0,0,0,0,0,691,100,741,641,28,26,36,25
GHCND:USW00023174,LOS ANGELES INTERNATIONAL AIRPORT CA US,20100722,-666,-666,-666,2,0,883,0,15,3,0,0,0,0,0,0,0,0,0,0,0,0,0,0,0,0,0,691,100,741,641,28,26,36,25
GHCND:USW00023174,LOS ANGELES INTERNATIONAL AIRPORT CA US,20100723,-666,-666,-666,2,0,883,0,15,3,0,0,0,0,0,0,0,0,0,0,0,0,0,0,0,0,0,692,100,741,642,28,26,36,25
GHCND:USW00023174,LOS ANGELES INTERNATIONAL AIRPORT CA US,20100724,-666,-666,-666,2,0,883,0,15,3,0,0,0,0,0,0,0,0,0,0,0,0,0,0,0,0,0,692,100,742,642,28,26,36,25
GHCND:USW00023174,LOS ANGELES INTERNATIONAL AIRPORT CA US,20100725,-666,-666,-666,2,0,883,0,15,3,0,0,0,0,0,0,0,0,0,0,0,0,0,0,0,0,0,692,100,742,642,28,26,36,25
GHCND:USW00023174,LOS ANGELES INTERNATIONAL AIRPORT CA US,20100726,-666,-666,-666,3,0,884,0,15,3,0,0,0,0,0,0,0,0,0,0,0,0,0,0,0,0,0,692,100,742,642,28,26,36,25
GHCND:USW00023174,LOS ANGELES INTERNATIONAL AIRPORT CA US,20100727,-666,-666,-666,3,0,884,0,15,3,0,0,0,0,0,0,0,0,0,0,0,0,0,0,0,0,0,692,100,742,643,28,26,37,25
GHCND:USW00023174,LOS ANGELES INTERNATIONAL AIRPORT CA US,20100728,-666,-666,-666,3,0,884,0,15,3,0,0,0,0,0,0,0,0,0,0,0,0,0,0,0,0,0,693,100,742,643,29,26,37,25
GHCND:USW00023174,LOS ANGELES INTERNATIONAL AIRPORT CA US,20100729,-666,-666,-666,3,0,884,0,15,3,0,0,0,0,0,0,0,0,0,0,0,0,0,0,0,0,0,693,100,743,643,29,26,37,25
GHCND:USW00023174,LOS ANGELES INTERNATIONAL AIRPORT CA US,20100730,-666,-666,-666,3,0,884,0,15,3,0,0,0,0,0,0,0,0,0,0,0,0,0,0,0,0,0,693,100,743,643,29,26,37,25
GHCND:USW00023174,LOS ANGELES INTERNATIONAL AIRPORT CA US,20100731,-666,-666,-666,3,0,884,0,14,3,0,0,0,0,0,0,0,0,0,0,0,0,0,0,0,0,0,693,100,743,643,29,26,38,25
GHCND:USW00023174,LOS ANGELES INTERNATIONAL AIRPORT CA US,20100801,-666,-666,-666,0,0,884,0,14,3,0,0,0,0,0,0,0,0,0,0,0,0,0,0,0,0,0,693,100,743,643,29,27,38,25
GHCND:USW00023174,LOS ANGELES INTERNATIONAL AIRPORT CA US,20100802,-666,-666,-666,0,0,884,0,14,3,1,1,0,0,0,0,0,0,0,0,0,0,0,0,0,0,0,693,100,744,643,30,27,38,25
GHCND:USW00023174,LOS ANGELES INTERNATIONAL AIRPORT CA US,20100803,-666,-666,-666,0,0,884,0,14,3,1,1,0,0,0,0,0,0,0,0,0,0,0,0,0,0,0,694,101,744,643,30,27,39,26
GHCND:USW00023174,LOS ANGELES INTERNATIONAL AIRPORT CA US,20100804,-666,-666,-666,0,0,884,0,14,3,1,1,0,0,0,0,0,0,0,0,0,0,0,0,0,0,0,694,101,744,643,30,27,39,26
GHCND:USW00023174,LOS ANGELES INTERNATIONAL AIRPORT CA US,20100805,-666,-666,-666,1,0,885,0,13,3,1,1,0,0,0,0,0,0,0,0,0,0,0,0,0,0,0,694,101,745,643,30,27,39,26
GHCND:USW00023174,LOS ANGELES INTERNATIONAL AIRPORT CA US,20100806,-666,-666,-666,1,0,885,0,13,3,1,1,0,0,0,0,0,0,0,0,0,0,0,0,0,0,0,694,102,745,643,31,27,40,26
GHCND:USW00023174,LOS ANGELES INTERNATIONAL AIRPORT CA US,20100807,-666,-666,-666,1,0,885,0,13,3,1,1,0,0,0,0,0,0,0,0,0,0,0,0,0,0,0,694,102,745,643,31,28,40,26
GHCND:USW00023174,LOS ANGELES INTERNATIONAL AIRPORT CA US,20100808,-666,-666,-666,1,0,885,0,13,3,1,1,0,0,0,0,0,0,0,0,0,0,0,0,0,0,0,694,102,746,643,31,28,40,26
GHCND:USW00023174,LOS ANGELES INTERNATIONAL AIRPORT CA US,20100809,-666,-666,-666,1,0,885,0,12,3,1,1,0,0,0,0,0,0,0,0,0,0,0,0,0,0,0,695,103,746,643,31,28,41,26
GHCND:USW00023174,LOS ANGELES INTERNATIONAL AIRPORT CA US,20100810,-666,-666,-666,1,0,885,0,12,3,1,1,0,0,0,0,0,0,0,0,0,0,0,0,0,0,0,695,103,746,643,31,29,41,26
GHCND:USW00023174,LOS ANGELES INTERNATIONAL AIRPORT CA US,20100811,-666,-666,-666,2,0,886,0,12,3,1,1,0,0,0,0,0,0,0,0,0,0,0,0,0,0,0,695,104,747,643,32,29,41,26
GHCND:USW00023174,LOS ANGELES INTERNATIONAL AIRPORT CA US,20100812,-666,-666,-666,2,0,886,0,12,3,1,1,0,0,0,0,0,0,0,0,0,0,0,0,0,0,0,695,104,747,643,32,29,42,26
GHCND:USW00023174,LOS ANGELES INTERNATIONAL AIRPORT CA US,20100813,-666,-666,-666,2,0,886,0,11,4,1,1,0,0,0,0,0,0,0,0,0,0,0,0,0,0,0,696,105,748,643,32,30,42,26
GHCND:USW00023174,LOS ANGELES INTERNATIONAL AIRPORT CA US,20100814,-666,-666,-666,2,0,886,0,11,4,1,1,0,0,0,0,0,0,0,0,0,0,0,0,0,0,0,696,105,748,643,32,30,43,27
GHCND:USW00023174,LOS ANGELES INTERNATIONAL AIRPORT CA US,20100815,-666,-666,-666,2,0,886,0,11,4,1,1,0,0,0,0,0,0,0,0,0,0,0,0,0,0,0,696,106,749,643,33,30,43,27
GHCND:USW00023174,LOS ANGELES INTERNATIONAL AIRPORT CA US,20100816,-666,-666,-666,2,0,886,0,11,4,1,1,0,0,0,0,0,0,0,0,0,0,0,0,0,0,0,696,106,749,643,33,31,44,27
GHCND:USW00023174,LOS ANGELES INTERNATIONAL AIRPORT CA US,20100817,-666,-666,-666,3,0,887,0,11,4,1,1,0,0,0,0,0,0,0,0,0,0,0,0,0,0,0,696,106,750,643,33,31,45,27
GHCND:USW00023174,LOS ANGELES INTERNATIONAL AIRPORT CA US,20100818,-666,-666,-666,3,0,887,0,11,4,1,1,0,0,0,0,0,0,0,0,0,0,0,0,0,0,0,697,107,750,643,34,32,45,27
GHCND:USW00023174,LOS ANGELES INTERNATIONAL AIRPORT CA US,20100819,-666,-666,-666,3,0,887,0,11,4,1,1,0,0,0,0,0,0,0,0,0,0,0,0,0,0,0,697,107,751,643,34,32,46,27
GHCND:USW00023174,LOS ANGELES INTERNATIONAL AIRPORT CA US,20100820,-666,-666,-666,3,0,887,0,11,4,1,1,0,0,0,0,0,0,0,0,0,0,0,0,0,0,0,697,108,751,643,35,33,47,28
GHCND:USW00023174,LOS ANGELES INTERNATIONAL AIRPORT CA US,20100821,-666,-666,-666,3,0,887,0,11,4,1,1,0,0,0,0,0,0,0,0,0,0,0,0,0,0,0,697,108,751,643,35,33,47,28
GHCND:USW00023174,LOS ANGELES INTERNATIONAL AIRPORT CA US,20100822,-666,-666,-666,3,0,887,0,11,4,1,1,0,0,0,0,0,0,0,0,0,0,0,0,0,0,0,697,109,752,643,35,34,48,28
GHCND:USW00023174,LOS ANGELES INTERNATIONAL AIRPORT CA US,20100823,-666,-666,-666,4,0,888,0,11,4,1,1,0,0,0,0,0,0,0,0,0,0,0,0,0,0,0,698,109,752,643,36,34,48,28
GHCND:USW00023174,LOS ANGELES INTERNATIONAL AIRPORT CA US,20100824,-666,-666,-666,4,0,888,0,12,4,1,1,0,0,0,0,0,0,0,0,0,0,0,0,0,0,0,698,110,752,643,36,35,49,28
GHCND:USW00023174,LOS ANGELES INTERNATIONAL AIRPORT CA US,20100825,-666,-666,-666,4,0,888,0,12,4,1,1,0,0,0,0,0,0,0,0,0,0,0,0,0,0,0,698,110,753,643,36,35,49,29
GHCND:USW00023174,LOS ANGELES INTERNATIONAL AIRPORT CA US,20100826,-666,-666,-666,4,0,888,0,12,4,1,1,0,0,0,0,0,0,0,0,0,0,0,0,0,0,0,698,110,753,643,36,35,49,29
GHCND:USW00023174,LOS ANGELES INTERNATIONAL AIRPORT CA US,20100827,-666,-666,-666,4,0,888,0,13,4,1,1,0,0,0,0,0,0,0,0,0,0,0,0,0,0,0,698,111,753,642,36,36,50,29
GHCND:USW00023174,LOS ANGELES INTERNATIONAL AIRPORT CA US,20100828,-666,-666,-666,5,0,889,0,13,5,1,1,0,0,0,0,0,0,0,0,0,0,0,0,0,0,0,698,111,753,642,37,36,50,29
GHCND:USW00023174,LOS ANGELES INTERNATIONAL AIRPORT CA US,20100829,-666,-666,-666,5,0,889,0,14,5,1,1,0,0,0,0,0,0,0,0,0,0,0,0,0,0,0,698,111,754,642,37,37,50,29
GHCND:USW00023174,LOS ANGELES INTERNATIONAL AIRPORT CA US,20100830,-666,-666,-666,5,0,889,0,15,5,1,1,0,0,0,0,0,0,0,0,0,0,0,0,0,0,0,698,112,754,642,37,37,50,29
GHCND:USW00023174,LOS ANGELES INTERNATIONAL AIRPORT CA US,20100831,-666,-666,-666,5,0,889,0,16,6,1,1,0,0,0,0,0,0,0,0,0,0,0,0,0,0,0,698,112,754,642,37,37,51,29
GHCND:USW00023174,LOS ANGELES INTERNATIONAL AIRPORT CA US,20100901,-666,-666,-666,0,0,889,0,16,6,1,1,0,0,0,0,0,0,0,0,0,0,0,0,0,0,0,698,112,754,641,37,38,51,30
GHCND:USW00023174,LOS ANGELES INTERNATIONAL AIRPORT CA US,20100902,-666,-666,-666,0,0,889,0,17,6,1,1,0,0,0,0,0,0,0,0,0,0,0,0,0,0,0,697,112,753,641,37,38,51,30
GHCND:USW00023174,LOS ANGELES INTERNATIONAL AIRPORT CA US,20100903,-666,-666,-666,0,0,889,0,18,7,1,1,0,0,0,0,0,0,0,0,0,0,0,0,0,0,0,697,113,753,641,37,38,51,30
GHCND:USW00023174,LOS ANGELES INTERNATIONAL AIRPORT CA US,20100904,-666,-666,-666,1,0,890,0,19,7,1,1,0,0,0,0,0,0,0,0,0,0,0,0,0,0,0,697,113,753,640,37,39,52,30
GHCND:USW00023174,LOS ANGELES INTERNATIONAL AIRPORT CA US,20100905,-666,-666,-666,1,0,890,0,20,8,1,1,0,0,0,0,0,0,0,0,0,0,0,0,0,0,0,696,113,753,640,38,39,52,30
GHCND:USW00023174,LOS ANGELES INTERNATIONAL AIRPORT CA US,20100906,-666,-666,-666,1,0,890,0,21,8,1,1,0,0,0,0,0,0,0,0,0,0,0,0,0,0,0,696,113,753,640,38,40,52,30
GHCND:USW00023174,LOS ANGELES INTERNATIONAL AIRPORT CA US,20100907,-666,-666,-666,1,0,890,0,22,9,1,1,0,0,0,0,0,0,0,0,0,0,0,0,0,0,0,696,113,752,639,38,40,52,30
GHCND:USW00023174,LOS ANGELES INTERNATIONAL AIRPORT CA US,20100908,-666,-666,-666,1,0,890,0,24,10,1,1,0,0,0,0,0,0,0,0,0,0,0,0,0,0,0,695,113,752,639,38,40,53,30
GHCND:USW00023174,LOS ANGELES INTERNATIONAL AIRPORT CA US,20100909,-666,-666,-666,2,0,891,0,25,10,1,1,0,0,0,0,0,0,0,0,0,0,0,0,0,0,0,695,113,751,638,38,41,53,31
GHCND:USW00023174,LOS ANGELES INTERNATIONAL AIRPORT CA US,20100910,-666,-666,-666,2,0,891,0,26,11,1,1,0,0,0,0,0,0,0,0,0,0,0,0,0,0,0,694,113,751,637,38,41,53,31
GHCND:USW00023174,LOS ANGELES INTERNATIONAL AIRPORT CA US,20100911,-666,-666,-666,3,0,892,0,28,11,1,1,0,0,0,0,0,0,0,0,0,0,0,0,0,0,0,693,113,750,637,38,42,54,31
GHCND:USW00023174,LOS ANGELES INTERNATIONAL AIRPORT CA US,20100912,-666,-666,-666,3,0,892,0,29,12,1,1,0,0,0,0,0,0,0,0,0,0,0,0,0,0,0,693,113,750,636,38,42,54,31
GHCND:USW00023174,LOS ANGELES INTERNATIONAL AIRPORT CA US,20100913,-666,-666,-666,4,0,893,0,30,12,2,1,0,0,0,0,0,0,0,0,0,0,0,0,0,0,0,692,113,749,635,38,43,54,31
GHCND:USW00023174,LOS ANGELES INTERNATIONAL AIRPORT CA US,20100914,-666,-666,-666,4,0,893,0,32,13,2,1,0,0,0,0,0,0,0,0,0,0,0,0,0,0,0,691,114,748,635,39,43,54,31
GHCND:USW00023174,LOS ANGELES INTERNATIONAL AIRPORT CA US,20100915,-666,-666,-666,5,0,894,0,33,14,2,1,0,0,0,0,0,0,0,0,0,0,0,0,0,0,0,691,114,747,634,39,44,55,31
GHCND:USW00023174,LOS ANGELES INTERNATIONAL AIRPORT CA US,20100916,-666,-666,-666,6,0,895,0,35,15,2,1,0,0,0,0,0,0,0,0,0,0,0,0,0,0,0,690,114,747,633,39,44,55,31
GHCND:USW00023174,LOS ANGELES INTERNATIONAL AIRPORT CA US,20100917,-666,-666,-666,7,0,896,0,36,15,2,2,0,0,0,0,0,0,0,0,0,0,0,0,0,0,0,689,114,746,632,39,45,55,31
GHCND:USW00023174,LOS ANGELES INTERNATIONAL AIRPORT CA US,20100918,-666,-666,-666,8,0,897,0,37,16,2,2,0,0,0,0,0,0,0,0,0,0,0,0,0,0,0,688,114,745,631,39,46,55,31
GHCND:USW00023174,LOS ANGELES INTERNATIONAL AIRPORT CA US,20100919,-666,-666,-666,9,0,898,0,39,17,2,2,0,0,0,0,0,0,0,0,0,0,0,0,0,0,0,687,114,744,630,39,46,56,31
GHCND:USW00023174,LOS ANGELES INTERNATIONAL AIRPORT CA US,20100920,-666,-666,-666,10,0,899,0,40,18,2,2,0,0,0,0,0,0,0,0,0,0,0,0,0,0,0,686,114,743,629,39,47,56,31
GHCND:USW00023174,LOS ANGELES INTERNATIONAL AIRPORT CA US,20100921,-666,-666,-666,11,0,900,0,42,19,3,2,0,0,0,0,0,0,0,0,0,0,0,0,0,0,0,685,114,742,628,39,48,56,31
GHCND:USW00023174,LOS ANGELES INTERNATIONAL AIRPORT CA US,20100922,-666,-666,-666,12,0,901,0,43,20,3,2,0,0,0,0,0,0,0,0,0,0,0,0,0,0,0,684,114,742,627,39,49,57,31
GHCND:USW00023174,LOS ANGELES INTERNATIONAL AIRPORT CA US,20100923,-666,-666,-666,13,0,902,0,44,21,3,2,0,0,0,0,0,0,0,0,0,0,0,0,0,0,0,683,115,741,626,39,50,57,31
GHCND:USW00023174,LOS ANGELES INTERNATIONAL AIRPORT CA US,20100924,-666,-666,-666,14,0,903,0,46,22,3,3,0,0,0,0,0,0,0,0,0,0,0,0,0,0,0,682,115,740,625,39,50,58,31
GHCND:USW00023174,LOS ANGELES INTERNATIONAL AIRPORT CA US,20100925,-666,-666,-666,15,0,904,0,47,22,3,3,0,0,0,0,0,0,0,0,0,0,0,0,0,0,0,681,115,739,624,39,51,58,31
GHCND:USW00023174,LOS ANGELES INTERNATIONAL AIRPORT CA US,20100926,-666,-666,-666,16,0,905,0,48,23,4,3,0,0,0,0,0,0,0,0,0,0,0,0,0,0,0,680,116,738,623,39,52,59,31
GHCND:USW00023174,LOS ANGELES INTERNATIONAL AIRPORT CA US,20100927,-666,-666,-666,17,0,906,0,49,24,4,3,0,0,0,0,0,0,0,0,0,0,0,0,0,0,0,679,116,737,621,39,53,59,31
GHCND:USW00023174,LOS ANGELES INTERNATIONAL AIRPORT CA US,20100928,-666,-666,-666,18,0,907,0,51,25,4,3,0,0,0,0,0,0,0,0,0,0,0,0,0,0,0,678,116,736,620,39,54,60,31
GHCND:USW00023174,LOS ANGELES INTERNATIONAL AIRPORT CA US,20100929,-666,-666,-666,20,0,909,0,52,25,4,3,0,0,0,0,0,0,0,0,0,0,0,0,0,0,0,677,117,736,619,39,55,61,31
GHCND:USW00023174,LOS ANGELES INTERNATIONAL AIRPORT CA US,20100930,-666,-666,-666,21,0,910,0,53,26,4,3,0,0,0,0,0,0,0,0,0,0,0,0,0,0,0,676,117,735,618,39,56,61,31
GHCND:USW00023174,LOS ANGELES INTERNATIONAL AIRPORT CA US,20101001,-666,-666,-666,1,0,911,0,54,27,5,3,0,0,0,0,0,0,0,0,0,0,0,0,0,0,0,675,118,734,616,39,57,62,31
GHCND:USW00023174,LOS ANGELES INTERNATIONAL AIRPORT CA US,20101002,-666,-666,-666,2,0,912,0,55,28,5,3,0,0,0,0,0,0,0,0,0,0,0,0,0,0,0,674,118,733,615,40,58,62,31
GHCND:USW00023174,LOS ANGELES INTERNATIONAL AIRPORT CA US,20101003,-666,-666,-666,4,0,914,0,57,28,5,3,0,0,0,0,0,0,0,0,0,0,0,0,0,0,0,673,119,733,614,40,59,63,31
GHCND:USW00023174,LOS ANGELES INTERNATIONAL AIRPORT CA US,20101004,-666,-666,-666,5,0,915,0,58,29,5,3,0,0,0,0,0,0,0,0,0,0,0,0,0,0,0,672,120,732,612,40,60,64,31
GHCND:USW00023174,LOS ANGELES INTERNATIONAL AIRPORT CA US,20101005,-666,-666,-666,6,0,916,0,60,30,6,3,0,0,0,0,0,0,0,0,0,0,0,0,0,0,0,671,121,731,611,40,61,64,31
GHCND:USW00023174,LOS ANGELES INTERNATIONAL AIRPORT CA US,20101006,-666,-666,-666,8,0,918,0,61,31,6,3,0,0,0,0,0,0,0,0,0,0,0,0,0,0,0,670,121,731,609,40,62,65,31
GHCND:USW00023174,LOS ANGELES INTERNATIONAL AIRPORT CA US,20101007,-666,-666,-666,9,0,919,0,62,32,6,3,0,0,0,0,0,0,0,0,0,0,0,0,0,0,0,669,122,730,608,40,63,65,31
GHCND:USW00023174,LOS ANGELES INTERNATIONAL AIRPORT CA US,20101008,-666,-666,-666,11,0,921,0,63,32,7,4,0,0,0,0,0,0,0,0,0,0,0,0,0,0,0,668,123,729,606,40,64,66,31
GHCND:USW00023174,LOS ANGELES INTERNATIONAL AIRPORT CA US,20101009,-666,-666,-666,12,0,922,0,64,33,7,4,0,0,0,0,0,0,0,0,0,0,0,0,0,0,0,667,124,729,605,40,64,66,31
GHCND:USW00023174,LOS ANGELES INTERNATIONAL AIRPORT CA US,20101010,-666,-666,-666,14,0,924,0,65,34,7,4,0,0,0,0,0,0,0,0,0,0,0,0,0,0,0,666,125,728,603,40,65,66,31
GHCND:USW00023174,LOS ANGELES INTERNATIONAL AIRPORT CA US,20101011,-666,-666,-666,15,0,925,0,66,35,8,4,0,0,0,0,0,0,0,0,0,0,0,0,0,0,0,665,126,728,602,41,65,67,31
GHCND:USW00023174,LOS ANGELES INTERNATIONAL AIRPORT CA US,20101012,-666,-666,-666,16,0,926,0,67,36,8,4,0,0,0,0,0,0,0,0,0,0,0,0,0,0,0,664,127,727,600,41,66,67,32
GHCND:USW00023174,LOS ANGELES INTERNATIONAL AIRPORT CA US,20101013,-666,-666,-666,18,0,928,0,69,37,8,4,0,0,0,0,0,0,0,0,0,0,0,0,0,0,0,663,128,727,599,41,67,68,32
GHCND:USW00023174,LOS ANGELES INTERNATIONAL AIRPORT CA US,20101014,-666,-666,-666,19,0,929,0,70,38,9,4,0,0,0,0,0,0,0,0,0,0,0,0,0,0,0,662,129,726,597,41,67,68,32
GHCND:USW00023174,LOS ANGELES INTERNATIONAL AIRPORT CA US,20101015,-666,-666,-666,21,0,931,0,72,39,10,4,0,0,0,0,0,0,0,0,0,0,0,0,0,0,0,661,130,726,596,41,68,68,32
GHCND:USW00023174,LOS ANGELES INTERNATIONAL AIRPORT CA US,20101016,-666,-666,-666,22,0,932,0,74,41,10,4,0,0,0,0,0,0,0,0,0,0,0,0,0,0,0,660,131,725,594,41,68,69,32
GHCND:USW00023174,LOS ANGELES INTERNATIONAL AIRPORT CA US,20101017,-666,-666,-666,24,0,934,0,75,42,11,5,0,0,0,0,0,0,0,0,0,0,0,0,0,0,0,659,132,725,592,42,68,69,32
GHCND:USW00023174,LOS ANGELES INTERNATIONAL AIRPORT CA US,20101018,-666,-666,-666,26,0,936,0,77,43,11,5,0,0,0,0,0,0,0,0,0,0,0,0,0,0,0,657,134,724,591,42,68,69,33
GHCND:USW00023174,LOS ANGELES INTERNATIONAL AIRPORT CA US,20101019,-666,-666,-666,28,0,938,0,78,44,12,5,0,0,0,0,0,0,0,0,0,0,0,0,0,0,0,656,135,724,589,42,69,69,33
GHCND:USW00023174,LOS ANGELES INTERNATIONAL AIRPORT CA US,20101020,-666,-666,-666,30,0,940,0,79,45,12,5,0,0,0,0,0,0,0,0,0,0,0,0,0,0,0,655,136,723,587,42,69,69,33
GHCND:USW00023174,LOS ANGELES INTERNATIONAL AIRPORT CA US,20101021,-666,-666,-666,32,0,942,0,81,46,13,5,0,0,0,0,0,0,0,0,0,0,0,0,0,0,0,654,137,723,585,42,69,69,33
GHCND:USW00023174,LOS ANGELES INTERNATIONAL AIRPORT CA US,20101022,-666,-666,-666,34,0,944,0,82,46,13,5,0,0,0,0,0,0,0,0,0,0,0,0,0,0,0,653,138,722,584,42,69,69,33
GHCND:USW00023174,LOS ANGELES INTERNATIONAL AIRPORT CA US,20101023,-666,-666,-666,35,0,945,0,84,47,13,5,0,0,0,0,0,0,0,0,0,0,0,0,0,0,0,652,140,721,582,42,69,70,34
GHCND:USW00023174,LOS ANGELES INTERNATIONAL AIRPORT CA US,20101024,-666,-666,-666,37,0,947,0,85,48,14,5,0,0,0,0,0,0,0,0,0,0,0,0,0,0,0,650,141,721,580,42,69,70,34
GHCND:USW00023174,LOS ANGELES INTERNATIONAL AIRPORT CA US,20101025,-666,-666,-666,40,0,950,0,87,48,14,5,0,0,0,0,0,0,0,0,0,0,0,0,0,0,0,649,142,720,578,43,69,70,34
GHCND:USW00023174,LOS ANGELES INTERNATIONAL AIRPORT CA US,20101026,-666,-666,-666,42,0,952,0,88,49,15,5,0,0,0,0,0,0,0,0,0,0,0,0,0,0,0,648,143,719,576,43,69,70,35
GHCND:USW00023174,LOS ANGELES INTERNATIONAL AIRPORT CA US,20101027,-666,-666,-666,45,0,955,0,90,50,15,5,0,0,0,0,0,0,0,0,0,0,0,0,0,0,0,646,144,718,574,43,69,70,35
GHCND:USW00023174,LOS ANGELES INTERNATIONAL AIRPORT CA US,20101028,-666,-666,-666,47,0,957,0,91,51,16,6,0,0,0,0,0,0,0,0,0,0,0,0,0,0,0,645,145,718,572,43,69,70,35
GHCND:USW00023174,LOS ANGELES INTERNATIONAL AIRPORT CA US,20101029,-666,-666,-666,50,0,960,0,93,52,17,6,0,0,0,0,0,0,0,0,0,0,0,0,0,0,0,644,146,717,570,43,69,70,36
GHCND:USW00023174,LOS ANGELES INTERNATIONAL AIRPORT CA US,20101030,3,14,38,53,0,963,0,94,53,17,6,0,0,0,0,0,0,0,0,0,0,0,0,0,0,0,642,147,716,568,44,69,70,36
GHCND:USW00023174,LOS ANGELES INTERNATIONAL AIRPORT CA US,20101031,4,14,38,56,0,966,0,95,54,18,6,0,0,0,0,0,0,0,0,0,0,0,0,0,0,0,640,148,715,566,44,69,70,36
GHCND:USW00023174,LOS ANGELES INTERNATIONAL AIRPORT CA US,20101101,4,14,38,3,0,969,0,97,55,18,6,0,0,0,0,0,0,0,0,0,0,0,0,0,0,0,639,149,714,564,44,69,70,37
GHCND:USW00023174,LOS ANGELES INTERNATIONAL AIRPORT CA US,20101102,4,15,39,6,0,972,0,98,55,19,6,0,0,0,0,0,0,0,0,0,0,0,0,0,0,0,637,150,712,562,44,69,70,37
GHCND:USW00023174,LOS ANGELES INTERNATIONAL AIRPORT CA US,20101103,4,15,39,9,0,975,0,99,56,19,7,0,0,0,0,0,0,0,0,0,0,0,0,0,0,0,636,151,711,560,45,69,70,38
GHCND:USW00023174,LOS ANGELES INTERNATIONAL AIRPORT CA US,20101104,4,15,40,11,0,977,0,100,57,20,7,0,0,0,0,0,0,0,0,0,0,0,0,0,0,0,634,152,710,558,45,69,70,38
GHCND:USW00023174,LOS ANGELES INTERNATIONAL AIRPORT CA US,20101105,4,15,40,14,0,980,0,102,58,20,7,0,0,0,0,0,0,0,0,0,0,0,0,0,0,0,632,153,708,556,45,69,70,38
GHCND:USW00023174,LOS ANGELES INTERNATIONAL AIRPORT CA US,20101106,4,16,40,17,0,983,0,103,59,21,7,0,0,0,0,0,0,0,0,0,0,0,0,0,0,0,630,154,707,553,45,68,70,39
GHCND:USW00023174,LOS ANGELES INTERNATIONAL AIRPORT CA US,20101107,4,16,41,20,0,986,0,105,60,22,7,0,0,0,0,0,0,0,0,0,0,0,0,0,0,0,628,154,705,551,45,68,70,39
GHCND:USW00023174,LOS ANGELES INTERNATIONAL AIRPORT CA US,20101108,4,16,41,22,0,988,0,106,61,22,7,0,0,0,0,0,0,0,0,0,0,0,0,0,0,0,626,155,704,549,45,68,70,39
GHCND:USW00023174,LOS ANGELES INTERNATIONAL AIRPORT CA US,20101109,4,16,42,25,0,991,0,108,63,23,7,0,0,0,0,0,0,0,0,0,0,0,0,0,0,0,624,156,702,547,45,68,70,39
GHCND:USW00023174,LOS ANGELES INTERNATIONAL AIRPORT CA US,20101110,4,16,42,29,0,995,0,109,63,24,7,0,0,0,0,0,0,0,0,0,0,0,0,0,0,0,622,156,700,544,45,68,70,40
GHCND:USW00023174,LOS ANGELES INTERNATIONAL AIRPORT CA US,20101111,4,17,42,32,0,998,0,111,64,24,7,0,0,0,0,0,0,0,0,0,0,0,0,0,0,0,620,157,699,542,45,68,69,40
GHCND:USW00023174,LOS ANGELES INTERNATIONAL AIRPORT CA US,20101112,4,17,42,35,0,1001,0,112,65,24,7,0,0,0,0,0,0,0,0,0,0,0,0,0,0,0,618,157,697,540,45,68,69,40
GHCND:USW00023174,LOS ANGELES INTERNATIONAL AIRPORT CA US,20101113,4,17,43,39,0,1005,0,113,66,25,8,0,0,0,0,0,0,0,0,0,0,0,0,0,0,0,616,158,695,537,45,67,69,40
GHCND:USW00023174,LOS ANGELES INTERNATIONAL AIRPORT CA US,20101114,4,17,43,43,0,1009,0,114,66,25,8,0,0,0,0,0,0,0,0,0,0,0,0,0,0,0,614,158,693,535,45,67,69,40
GHCND:USW00023174,LOS ANGELES INTERNATIONAL AIRPORT CA US,20101115,4,17,43,46,0,1012,0,115,67,26,8,0,0,0,0,0,0,0,0,0,0,0,0,0,0,0,612,158,691,533,45,67,68,40
GHCND:USW00023174,LOS ANGELES INTERNATIONAL AIRPORT CA US,20101116,4,17,44,50,0,1016,0,116,68,26,8,0,0,0,0,0,0,0,0,0,0,0,0,0,0,0,610,159,689,530,45,67,68,40
GHCND:USW00023174,LOS ANGELES INTERNATIONAL AIRPORT CA US,20101117,4,17,44,54,0,1020,0,117,69,27,8,0,0,0,0,0,0,0,0,0,0,0,0,0,0,0,608,159,687,528,44,67,68,40
GHCND:USW00023174,LOS ANGELES INTERNATIONAL AIRPORT CA US,20101118,4,17,44,58,0,1024,0,119,70,27,8,0,0,0,0,0,0,0,0,0,0,0,0,0,0,0,605,159,685,526,44,67,68,40
GHCND:USW00023174,LOS ANGELES INTERNATIONAL AIRPORT CA US,20101119,4,17,45,62,0,1028,0,120,72,28,8,0,0,0,0,0,0,0,0,0,0,0,0,0,0,0,603,159,683,524,44,67,67,40
GHCND:USW00023174,LOS ANGELES INTERNATIONAL AIRPORT CA US,20101120,4,18,45,66,0,1032,0,122,73,28,9,0,0,0,0,0,0,0,0,0,0,0,0,0,0,0,601,159,681,521,44,67,67,40
GHCND:USW00023174,LOS ANGELES INTERNATIONAL AIRPORT CA US,20101121,4,18,46,70,0,1036,0,123,75,29,9,0,0,0,0,0,0,0,0,0,0,0,0,0,0,0,599,160,679,519,44,67,67,40
GHCND:USW00023174,LOS ANGELES INTERNATIONAL AIRPORT CA US,20101122,4,19,47,74,0,1040,0,125,77,30,9,0,0,0,0,0,0,0,0,0,0,0,0,0,0,0,597,160,677,517,43,66,66,40
GHCND:USW00023174,LOS ANGELES INTERNATIONAL AIRPORT CA US,20101123,5,19,47,79,0,1045,0,127,78,31,9,0,0,0,0,0,0,0,0,0,0,0,0,0,0,0,595,160,675,515,43,66,66,40
GHCND:USW00023174,LOS ANGELES INTERNATIONAL AIRPORT CA US,20101124,5,20,48,84,0,1050,0,129,80,32,10,0,0,0,0,0,0,0,0,0,0,0,0,0,0,0,593,160,673,513,43,66,65,40
GHCND:USW00023174,LOS ANGELES INTERNATIONAL AIRPORT CA US,20101125,5,20,49,88,0,1054,0,130,82,32,10,0,0,0,0,0,0,0,0,0,0,0,0,0,0,0,591,160,671,511,43,66,65,40
GHCND:USW00023174,LOS ANGELES INTERNATIONAL AIRPORT CA US,20101126,5,20,49,93,0,1059,0,132,84,33,10,0,0,0,0,0,0,0,0,0,0,0,0,0,0,0,589,160,669,509,42,66,65,40
GHCND:USW00023174,LOS ANGELES INTERNATIONAL AIRPORT CA US,20101127,5,21,50,97,0,1063,0,134,85,34,11,0,0,0,0,0,0,0,0,0,0,0,0,0,0,0,587,160,667,507,42,66,65,40
GHCND:USW00023174,LOS ANGELES INTERNATIONAL AIRPORT CA US,20101128,5,21,50,102,0,1068,0,136,87,34,11,0,0,0,0,0,0,0,0,0,0,0,0,0,0,0,585,160,665,505,42,66,64,40
GHCND:USW00023174,LOS ANGELES INTERNATIONAL AIRPORT CA US,20101129,5,21,51,106,0,1072,0,137,88,35,11,0,0,0,0,0,0,0,0,0,0,0,0,0,0,0,583,160,663,503,42,66,64,40
GHCND:USW00023174,LOS ANGELES INTERNATIONAL AIRPORT CA US,20101130,5,21,51,111,0,1077,0,139,90,36,11,0,0,0,0,0,0,0,0,0,0,0,0,0,0,0,581,160,661,502,42,66,64,40
GHCND:USW00023174,LOS ANGELES INTERNATIONAL AIRPORT CA US,20101201,5,21,51,5,0,1082,0,141,91,36,11,0,0,0,0,0,0,0,0,0,0,0,0,0,0,0,580,160,659,500,42,66,64,39
GHCND:USW00023174,LOS ANGELES INTERNATIONAL AIRPORT CA US,20101202,5,21,51,9,0,1086,0,143,93,37,12,0,0,0,0,0,0,0,0,0,0,0,0,0,0,0,578,159,658,498,42,66,64,39
GHCND:USW00023174,LOS ANGELES INTERNATIONAL AIRPORT CA US,20101203,5,21,52,14,0,1091,0,145,94,37,12,0,0,0,0,0,0,0,0,0,0,0,0,0,0,0,576,159,656,497,41,66,63,39
GHCND:USW00023174,LOS ANGELES INTERNATIONAL AIRPORT CA US,20101204,5,21,52,19,0,1096,0,147,96,38,12,0,0,0,0,0,0,0,0,0,0,0,0,0,0,0,575,159,655,495,41,66,63,40
GHCND:USW00023174,LOS ANGELES INTERNATIONAL AIRPORT CA US,20101205,5,21,53,25,0,1102,0,149,98,39,13,0,0,0,0,0,0,0,0,0,0,0,0,0,0,0,574,159,653,494,41,66,63,40
GHCND:USW00023174,LOS ANGELES INTERNATIONAL AIRPORT CA US,20101206,5,21,53,31,0,1108,0,152,99,40,13,0,0,0,0,0,0,0,0,0,0,0,0,0,0,0,572,159,652,493,41,66,64,40
GHCND:USW00023174,LOS ANGELES INTERNATIONAL AIRPORT CA US,20101207,5,21,54,36,0,1113,0,154,101,41,13,0,0,0,0,0,0,0,0,0,0,0,0,0,0,0,571,159,650,491,41,66,64,40
GHCND:USW00023174,LOS ANGELES INTERNATIONAL AIRPORT CA US,20101208,5,21,54,42,0,1119,0,156,102,41,14,0,0,0,0,0,0,0,0,0,0,0,0,0,0,0,570,159,649,490,41,66,64,40
GHCND:USW00023174,LOS ANGELES INTERNATIONAL AIRPORT CA US,20101209,5,21,54,48,0,1125,0,157,104,42,14,0,0,0,0,0,0,0,0,0,0,0,0,0,0,0,569,159,648,489,42,66,64,40
GHCND:USW00023174,LOS ANGELES INTERNATIONAL AIRPORT CA US,20101210,5,21,55,54,0,1131,0,159,106,43,14,0,0,0,0,0,0,0,0,0,0,0,0,0,0,0,568,159,647,488,42,66,64,40
GHCND:USW00023174,LOS ANGELES INTERNATIONAL AIRPORT CA US,20101211,5,21,55,60,0,1137,0,161,107,44,15,0,0,0,0,0,0,0,0,0,0,0,0,0,0,0,567,159,646,487,42,66,63,41
GHCND:USW00023174,LOS ANGELES INTERNATIONAL AIRPORT CA US,20101212,6,22,56,65,0,1142,0,163,109,45,15,0,0,0,0,0,0,0,0,0,0,0,0,0,0,0,566,159,645,487,42,67,63,41
GHCND:USW00023174,LOS ANGELES INTERNATIONAL AIRPORT CA US,20101213,6,22,57,71,0,1148,0,165,111,46,16,0,0,0,0,0,0,0,0,0,0,0,0,0,0,0,565,159,645,486,42,67,64,41
GHCND:USW00023174,LOS ANGELES INTERNATIONAL AIRPORT CA US,20101214,6,22,57,77,0,1154,0,167,112,46,16,0,0,0,0,0,0,0,0,0,0,0,0,0,0,0,565,159,644,485,42,67,64,42
GHCND:USW00023174,LOS ANGELES INTERNATIONAL AIRPORT CA US,20101215,6,22,58,83,0,1160,0,169,114,47,17,0,0,0,0,0,0,0,0,0,0,0,0,0,0,0,564,159,643,485,42,67,64,42
GHCND:USW00023174,LOS ANGELES INTERNATIONAL AIRPORT CA US,20101216,6,23,59,90,0,1167,0,171,115,48,17,0,0,0,0,0,0,0,0,0,0,0,0,0,0,0,564,159,643,484,42,67,64,42
GHCND:USW00023174,LOS ANGELES INTERNATIONAL AIRPORT CA US,20101217,6,23,59,96,0,1173,0,173,117,49,18,0,0,0,0,0,0,0,0,0,0,0,0,0,0,0,563,159,643,484,42,67,64,42
GHCND:USW00023174,LOS ANGELES INTERNATIONAL AIRPORT CA US,20101218,6,23,60,103,0,1180,0,174,118,50,18,0,0,0,0,0,0,0,0,0,0,0,0,0,0,0,563,159,642,484,43,67,64,43
GHCND:USW00023174,LOS ANGELES INTERNATIONAL AIRPORT CA US,20101219,6,23,60,110,0,1187,0,176,119,51,19,0,0,0,0,0,0,0,0,0,0,0,0,0,0,0,563,159,642,483,43,68,64,43
GHCND:USW00023174,LOS ANGELES INTERNATIONAL AIRPORT CA US,20101220,6,23,61,117,0,1194,0,177,120,51,19,0,0,0,0,0,0,0,0,0,0,0,0,0,0,0,562,159,642,483,43,68,64,43
GHCND:USW00023174,LOS ANGELES INTERNATIONAL AIRPORT CA US,20101221,6,23,61,124,0,1201,0,178,120,52,19,0,0,0,0,0,0,0,0,0,0,0,0,0,0,0,562,159,642,483,43,68,64,43
GHCND:USW00023174,LOS ANGELES INTERNATIONAL AIRPORT CA US,20101222,6,23,61,131,0,1208,0,179,121,52,19,0,0,0,0,0,0,0,0,0,0,0,0,0,0,0,562,159,642,483,43,68,65,43
GHCND:USW00023174,LOS ANGELES INTERNATIONAL AIRPORT CA US,20101223,6,23,62,139,0,1216,0,180,122,53,20,0,0,0,0,0,0,0,0,0,0,0,0,0,0,0,562,159,642,483,43,69,65,44
GHCND:USW00023174,LOS ANGELES INTERNATIONAL AIRPORT CA US,20101224,6,23,62,146,0,1223,0,180,122,53,20,0,0,0,0,0,0,0,0,0,0,0,0,0,0,0,562,159,642,483,44,69,65,44
GHCND:USW00023174,LOS ANGELES INTERNATIONAL AIRPORT CA US,20101225,6,23,63,154,0,1231,0,181,123,54,20,0,0,0,0,0,0,0,0,0,0,0,0,0,0,0,562,159,642,483,44,70,66,44
GHCND:USW00023174,LOS ANGELES INTERNATIONAL AIRPORT CA US,20101226,6,23,63,162,0,1239,0,182,124,54,20,0,0,0,0,0,0,0,0,0,0,0,0,0,0,0,562,159,642,483,44,70,66,44
GHCND:USW00023174,LOS ANGELES INTERNATIONAL AIRPORT CA US,20101227,6,23,63,170,0,1247,0,184,125,55,21,0,0,0,0,0,0,0,0,0,0,0,0,0,0,0,563,159,642,483,44,70,67,44
GHCND:USW00023174,LOS ANGELES INTERNATIONAL AIRPORT CA US,20101228,6,23,64,179,0,1256,0,184,126,55,21,0,0,0,0,0,0,0,0,0,0,0,0,0,0,0,563,159,642,483,45,71,67,44
GHCND:USW00023174,LOS ANGELES INTERNATIONAL AIRPORT CA US,20101229,6,23,64,188,0,1265,0,185,127,56,22,0,0,0,0,0,0,0,0,0,0,0,0,0,0,0,563,159,643,483,45,71,68,44
GHCND:USW00023174,LOS ANGELES INTERNATIONAL AIRPORT CA US,20101230,6,23,65,196,0,1273,0,186,128,56,22,0,0,0,0,0,0,0,0,0,0,0,0,0,0,0,563,159,643,483,45,71,68,45
GHCND:USW00023174,LOS ANGELES INTERNATIONAL AIRPORT CA US,20101231,6,23,65,205,0,1282,0,187,129,57,22,0,0,0,0,0,0,0,0,0,0,0,0,0,0,0,563,159,643,484,45,72,68,45
