STATION,STATION_NAME,DATE,DLY-PRCP-25PCTL,DLY-SNOW-25PCTL,DLY-PRCP-50PCTL,DLY-SNOW-50PCTL,DLY-PRCP-75PCTL,DLY-SNOW-75PCTL,MTD-PRCP-NORMAL,MTD-SNOW-NORMAL,YTD-PRCP-NORMAL,YTD-SNOW-NORMAL,DLY-PRCP-PCTALL-GE001HI,DLY-PRCP-PCTALL-GE010HI,DLY-PRCP-PCTALL-GE050HI,DLY-PRCP-PCTALL-GE100HI,DLY-SNWD-PCTALL-GE001WI,DLY-SNWD-PCTALL-GE010WI,DLY-SNWD-PCTALL-GE003WI,DLY-SNWD-PCTALL-GE005WI,DLY-SNOW-PCTALL-GE001TI,DLY-SNOW-PCTALL-GE010TI,DLY-SNOW-PCTALL-GE100TI,DLY-SNOW-PCTALL-GE030TI,DLY-SNOW-PCTALL-GE050TI,DLY-TAVG-NORMAL,DLY-DUTR-NORMAL,DLY-TMAX-NORMAL,DLY-TMIN-NORMAL,DLY-TAVG-STDDEV,DLY-DUTR-STDDEV,DLY-TMAX-STDDEV,DLY-TMIN-STDDEV
GHCND:USW00023183,PHOENIX SKY HARBOR INTERNATIONAL AIRPORT AZ US,20100101,3,-666,12,-666,31,-666,3,0,3,0,132,74,17,3,0,0,0,0,-9999,0,0,0,0,550,212,656,444,51,62,64,54
GHCND:USW00023183,PHOENIX SKY HARBOR INTERNATIONAL AIRPORT AZ US,20100102,3,-666,12,-666,31,-666,6,0,6,0,133,74,17,3,0,0,0,0,-9999,0,0,0,0,551,212,657,445,51,62,64,54
GHCND:USW00023183,PHOENIX SKY HARBOR INTERNATIONAL AIRPORT AZ US,20100103,3,-666,12,-666,31,-666,9,0,9,0,133,75,17,3,0,0,0,0,-9999,0,0,0,0,552,212,658,445,51,62,65,55
GHCND:USW00023183,PHOENIX SKY HARBOR INTERNATIONAL AIRPORT AZ US,20100104,3,-666,12,-666,31,-666,12,0,12,0,134,75,17,3,0,0,0,0,-9999,0,0,0,0,553,213,659,446,51,62,65,55
GHCND:USW00023183,PHOENIX SKY HARBOR INTERNATIONAL AIRPORT AZ US,20100105,3,-666,12,-666,31,-666,15,0,15,0,134,75,17,3,0,0,0,0,-9999,0,0,0,0,553,213,660,447,51,62,65,55
GHCND:USW00023183,PHOENIX SKY HARBOR INTERNATIONAL AIRPORT AZ US,20100106,3,-666,12,-666,31,-666,18,0,18,0,134,75,17,3,0,0,0,0,-9999,0,0,0,0,554,213,661,448,52,63,65,55
GHCND:USW00023183,PHOENIX SKY HARBOR INTERNATIONAL AIRPORT AZ US,20100107,3,-666,12,-666,31,-666,21,0,21,0,133,76,17,3,0,0,0,0,-9999,0,0,0,0,555,214,662,449,52,63,65,55
GHCND:USW00023183,PHOENIX SKY HARBOR INTERNATIONAL AIRPORT AZ US,20100108,3,-666,12,-666,31,-666,24,0,24,0,133,76,17,3,0,0,0,0,-9999,0,0,0,0,556,214,663,449,52,63,66,55
GHCND:USW00023183,PHOENIX SKY HARBOR INTERNATIONAL AIRPORT AZ US,20100109,3,-666,12,-666,31,-666,27,0,27,0,132,76,17,3,0,0,0,0,-9999,0,0,0,0,557,214,664,450,52,63,66,55
GHCND:USW00023183,PHOENIX SKY HARBOR INTERNATIONAL AIRPORT AZ US,20100110,3,-666,13,-666,31,-666,30,0,30,0,132,76,17,3,0,0,0,0,-9999,0,0,0,0,558,214,666,451,52,63,66,55
GHCND:USW00023183,PHOENIX SKY HARBOR INTERNATIONAL AIRPORT AZ US,20100111,3,-666,13,-666,31,-666,33,0,33,0,132,76,17,2,0,0,0,0,-9999,0,0,0,0,559,215,667,452,52,63,66,55
GHCND:USW00023183,PHOENIX SKY HARBOR INTERNATIONAL AIRPORT AZ US,20100112,3,-666,13,-666,31,-666,36,0,36,0,132,76,17,2,0,0,0,0,-9999,0,0,0,0,560,215,668,453,52,63,66,55
GHCND:USW00023183,PHOENIX SKY HARBOR INTERNATIONAL AIRPORT AZ US,20100113,3,-666,13,-666,31,-666,39,0,39,0,132,76,16,2,0,0,0,0,-9999,0,0,0,0,561,215,669,454,52,63,67,55
GHCND:USW00023183,PHOENIX SKY HARBOR INTERNATIONAL AIRPORT AZ US,20100114,3,-666,13,-666,31,-666,43,0,43,0,132,76,16,2,0,0,0,0,-9999,0,0,0,0,562,216,670,454,52,63,67,55
GHCND:USW00023183,PHOENIX SKY HARBOR INTERNATIONAL AIRPORT AZ US,20100115,3,-666,13,-666,32,-666,46,0,46,0,132,76,16,2,0,0,0,0,-9999,0,0,0,0,563,216,671,455,52,63,67,55
GHCND:USW00023183,PHOENIX SKY HARBOR INTERNATIONAL AIRPORT AZ US,20100116,3,-9999,13,-9999,32,-9999,49,0,49,0,132,76,16,2,0,0,0,0,0,0,0,0,0,564,216,672,456,53,63,67,55
GHCND:USW00023183,PHOENIX SKY HARBOR INTERNATIONAL AIRPORT AZ US,20100117,3,-9999,13,-9999,32,-9999,52,0,52,0,132,76,16,2,0,0,0,0,0,0,0,0,0,565,217,673,457,53,64,68,55
GHCND:USW00023183,PHOENIX SKY HARBOR INTERNATIONAL AIRPORT AZ US,20100118,3,-9999,13,-9999,32,-9999,55,0,55,0,132,76,16,2,0,0,0,0,0,0,0,0,0,566,217,675,458,53,64,68,55
GHCND:USW00023183,PHOENIX SKY HARBOR INTERNATIONAL AIRPORT AZ US,20100119,3,-9999,13,-9999,31,-9999,58,0,58,0,132,76,16,2,0,0,0,0,0,0,0,0,0,567,217,676,458,53,64,69,55
GHCND:USW00023183,PHOENIX SKY HARBOR INTERNATIONAL AIRPORT AZ US,20100120,3,-9999,13,-9999,31,-9999,61,0,61,0,132,76,16,2,0,0,0,0,0,0,0,0,0,568,217,677,459,54,64,69,55
GHCND:USW00023183,PHOENIX SKY HARBOR INTERNATIONAL AIRPORT AZ US,20100121,3,-9999,13,-9999,31,-9999,63,0,63,0,132,76,15,2,0,0,0,0,0,0,0,0,0,569,218,678,460,54,64,69,55
GHCND:USW00023183,PHOENIX SKY HARBOR INTERNATIONAL AIRPORT AZ US,20100122,3,-9999,13,-9999,31,-9999,66,0,66,0,133,76,15,2,0,0,0,0,0,0,0,0,0,570,218,679,461,54,64,70,55
GHCND:USW00023183,PHOENIX SKY HARBOR INTERNATIONAL AIRPORT AZ US,20100123,3,-9999,12,-9999,31,-9999,69,0,69,0,133,75,15,2,0,0,0,0,0,0,0,0,0,571,218,680,462,54,64,70,55
GHCND:USW00023183,PHOENIX SKY HARBOR INTERNATIONAL AIRPORT AZ US,20100124,3,-9999,12,-9999,30,-9999,71,0,71,0,133,75,15,2,0,0,0,0,0,0,0,0,0,572,218,681,462,55,63,70,55
GHCND:USW00023183,PHOENIX SKY HARBOR INTERNATIONAL AIRPORT AZ US,20100125,3,-9999,12,-9999,30,-9999,74,0,74,0,134,75,15,2,0,0,0,0,0,0,0,0,0,572,218,682,463,55,63,71,55
GHCND:USW00023183,PHOENIX SKY HARBOR INTERNATIONAL AIRPORT AZ US,20100126,3,-9999,12,-9999,30,-9999,77,0,77,0,134,75,15,2,0,0,0,0,0,0,0,0,0,573,219,683,464,55,63,71,55
GHCND:USW00023183,PHOENIX SKY HARBOR INTERNATIONAL AIRPORT AZ US,20100127,3,-9999,12,-9999,30,-9999,80,0,80,0,134,75,15,2,0,0,0,0,0,0,0,0,0,574,219,684,465,55,63,71,55
GHCND:USW00023183,PHOENIX SKY HARBOR INTERNATIONAL AIRPORT AZ US,20100128,3,-9999,12,-9999,30,-9999,82,0,82,0,135,74,15,2,0,0,0,0,0,0,0,0,0,575,219,685,466,55,63,71,55
GHCND:USW00023183,PHOENIX SKY HARBOR INTERNATIONAL AIRPORT AZ US,20100129,3,-9999,12,-9999,29,-9999,85,0,85,0,135,74,14,2,0,0,0,0,0,0,0,0,0,576,219,686,467,55,63,71,54
GHCND:USW00023183,PHOENIX SKY HARBOR INTERNATIONAL AIRPORT AZ US,20100130,3,-9999,12,-9999,29,-9999,88,0,88,0,136,74,14,2,0,0,0,0,0,0,0,0,0,577,219,687,468,55,63,71,54
GHCND:USW00023183,PHOENIX SKY HARBOR INTERNATIONAL AIRPORT AZ US,20100131,3,-9999,12,-9999,29,-9999,91,0,91,0,137,74,14,2,0,0,0,0,0,0,0,0,0,578,219,688,468,55,63,71,54
GHCND:USW00023183,PHOENIX SKY HARBOR INTERNATIONAL AIRPORT AZ US,20100201,3,-9999,11,-9999,29,-9999,3,0,94,0,137,74,14,2,0,0,0,0,0,0,0,0,0,579,219,689,469,55,63,71,54
GHCND:USW00023183,PHOENIX SKY HARBOR INTERNATIONAL AIRPORT AZ US,20100202,3,-9999,11,-9999,29,-9999,6,0,97,0,138,74,14,2,0,0,0,0,0,0,0,0,0,580,219,690,470,55,64,71,54
GHCND:USW00023183,PHOENIX SKY HARBOR INTERNATIONAL AIRPORT AZ US,20100203,3,-9999,11,-9999,28,-9999,9,0,100,0,139,74,14,2,0,0,0,0,0,0,0,0,0,581,219,691,471,54,64,71,53
GHCND:USW00023183,PHOENIX SKY HARBOR INTERNATIONAL AIRPORT AZ US,20100204,3,-9999,11,-9999,28,-9999,11,0,102,0,140,74,14,2,0,0,0,0,0,0,0,0,0,582,219,692,472,54,64,71,53
GHCND:USW00023183,PHOENIX SKY HARBOR INTERNATIONAL AIRPORT AZ US,20100205,3,-9999,11,-9999,28,-9999,14,0,105,0,141,74,14,2,0,0,0,0,0,0,0,0,0,583,219,693,474,54,64,72,53
GHCND:USW00023183,PHOENIX SKY HARBOR INTERNATIONAL AIRPORT AZ US,20100206,3,-9999,11,-9999,28,-9999,17,0,108,0,143,74,14,2,0,0,0,0,0,0,0,0,0,584,219,694,475,54,64,72,53
GHCND:USW00023183,PHOENIX SKY HARBOR INTERNATIONAL AIRPORT AZ US,20100207,3,-9999,11,-9999,28,-9999,20,0,111,0,144,75,15,2,0,0,0,0,0,0,0,0,0,586,219,695,476,55,64,72,52
GHCND:USW00023183,PHOENIX SKY HARBOR INTERNATIONAL AIRPORT AZ US,20100208,3,-9999,11,-9999,28,-9999,23,0,114,0,146,75,15,2,0,0,0,0,0,0,0,0,0,587,219,696,477,55,64,73,52
GHCND:USW00023183,PHOENIX SKY HARBOR INTERNATIONAL AIRPORT AZ US,20100209,3,-9999,10,-9999,28,-9999,26,0,117,0,147,76,15,3,0,0,0,0,0,0,0,0,0,588,219,698,478,55,64,73,52
GHCND:USW00023183,PHOENIX SKY HARBOR INTERNATIONAL AIRPORT AZ US,20100210,3,-9999,10,-9999,28,-9999,29,0,120,0,148,76,15,3,0,0,0,0,0,0,0,0,0,589,219,699,480,55,64,74,52
GHCND:USW00023183,PHOENIX SKY HARBOR INTERNATIONAL AIRPORT AZ US,20100211,3,-9999,10,-9999,28,-9999,32,0,123,0,148,76,16,3,0,0,0,0,0,0,0,0,0,591,219,700,481,55,65,74,52
GHCND:USW00023183,PHOENIX SKY HARBOR INTERNATIONAL AIRPORT AZ US,20100212,3,-9999,10,-9999,28,-9999,34,0,125,0,149,76,16,3,0,0,0,0,0,0,0,0,0,592,219,702,482,56,65,74,52
GHCND:USW00023183,PHOENIX SKY HARBOR INTERNATIONAL AIRPORT AZ US,20100213,3,-9999,10,-9999,28,-9999,37,0,128,0,150,77,16,3,0,0,0,0,0,0,0,0,0,593,219,703,484,56,65,75,52
GHCND:USW00023183,PHOENIX SKY HARBOR INTERNATIONAL AIRPORT AZ US,20100214,4,-9999,10,-9999,28,-9999,41,0,132,0,151,77,16,3,0,0,0,0,0,0,0,0,0,595,220,705,485,56,65,75,52
GHCND:USW00023183,PHOENIX SKY HARBOR INTERNATIONAL AIRPORT AZ US,20100215,4,-9999,10,-9999,28,-9999,44,0,135,0,151,77,16,4,0,0,0,0,0,0,0,0,0,596,220,706,487,56,65,76,52
GHCND:USW00023183,PHOENIX SKY HARBOR INTERNATIONAL AIRPORT AZ US,20100216,4,-9999,10,-9999,28,-9999,47,0,138,0,151,77,17,4,0,0,0,0,0,0,0,0,0,598,220,708,488,56,65,76,52
GHCND:USW00023183,PHOENIX SKY HARBOR INTERNATIONAL AIRPORT AZ US,20100217,4,-9999,10,-9999,28,-9999,51,0,142,0,152,77,17,4,0,0,0,0,0,0,0,0,0,600,220,709,490,57,65,76,52
GHCND:USW00023183,PHOENIX SKY HARBOR INTERNATIONAL AIRPORT AZ US,20100218,4,-9999,10,-9999,28,-9999,54,0,145,0,152,78,17,4,0,0,0,0,0,0,0,0,0,601,220,711,491,57,65,77,52
GHCND:USW00023183,PHOENIX SKY HARBOR INTERNATIONAL AIRPORT AZ US,20100219,4,-9999,10,-9999,29,-9999,58,0,149,0,152,78,17,4,0,0,0,0,0,0,0,0,0,603,220,713,493,57,65,77,52
GHCND:USW00023183,PHOENIX SKY HARBOR INTERNATIONAL AIRPORT AZ US,20100220,4,-9999,10,-9999,29,-9999,62,0,153,0,153,78,17,4,0,0,0,0,0,0,0,0,0,605,220,715,495,57,65,77,52
GHCND:USW00023183,PHOENIX SKY HARBOR INTERNATIONAL AIRPORT AZ US,20100221,4,-9999,10,-9999,29,-9999,66,0,157,0,153,79,17,4,0,0,0,0,0,0,0,0,0,606,220,717,496,57,65,77,52
GHCND:USW00023183,PHOENIX SKY HARBOR INTERNATIONAL AIRPORT AZ US,20100222,4,-9999,10,-9999,29,-9999,70,0,161,0,153,79,17,4,0,0,0,0,0,0,0,0,0,608,221,718,498,57,65,78,52
GHCND:USW00023183,PHOENIX SKY HARBOR INTERNATIONAL AIRPORT AZ US,20100223,4,-9999,10,-9999,29,-9999,73,0,164,0,153,79,18,5,0,0,0,0,0,0,0,0,0,610,221,720,500,58,65,78,52
GHCND:USW00023183,PHOENIX SKY HARBOR INTERNATIONAL AIRPORT AZ US,20100224,4,-9999,10,-9999,29,-9999,77,0,168,0,153,79,18,5,0,0,0,0,0,0,0,0,0,612,221,722,501,58,65,78,52
GHCND:USW00023183,PHOENIX SKY HARBOR INTERNATIONAL AIRPORT AZ US,20100225,4,-9999,10,-9999,29,-9999,81,0,172,0,153,80,18,5,0,0,0,0,0,0,0,0,0,614,221,724,503,58,64,79,51
GHCND:USW00023183,PHOENIX SKY HARBOR INTERNATIONAL AIRPORT AZ US,20100226,4,-9999,10,-9999,29,-9999,85,0,176,0,152,80,18,5,0,0,0,0,0,0,0,0,0,616,222,726,505,58,64,79,51
GHCND:USW00023183,PHOENIX SKY HARBOR INTERNATIONAL AIRPORT AZ US,20100227,4,-9999,11,-9999,30,-9999,88,0,179,0,152,80,18,5,0,0,0,0,0,0,0,0,0,618,222,729,507,59,65,80,51
GHCND:USW00023183,PHOENIX SKY HARBOR INTERNATIONAL AIRPORT AZ US,20100228,4,-9999,11,-9999,30,-9999,92,0,183,0,151,80,19,5,0,0,0,0,0,0,0,0,0,619,222,731,508,59,65,80,51
GHCND:USW00023183,PHOENIX SKY HARBOR INTERNATIONAL AIRPORT AZ US,20100301,5,-9999,11,-9999,31,-9999,4,0,187,0,150,80,19,5,0,0,0,0,0,0,0,0,0,621,223,733,510,59,64,81,51
GHCND:USW00023183,PHOENIX SKY HARBOR INTERNATIONAL AIRPORT AZ US,20100302,5,-9999,11,-9999,31,-9999,8,0,191,0,149,80,19,6,0,0,0,0,0,0,0,0,0,623,223,735,512,60,64,81,51
GHCND:USW00023183,PHOENIX SKY HARBOR INTERNATIONAL AIRPORT AZ US,20100303,5,-9999,12,-9999,31,-9999,12,0,195,0,148,79,19,6,0,0,0,0,0,0,0,0,0,625,224,737,513,60,64,82,52
GHCND:USW00023183,PHOENIX SKY HARBOR INTERNATIONAL AIRPORT AZ US,20100304,5,-9999,12,-9999,31,-9999,16,0,199,0,146,79,19,6,0,0,0,0,0,0,0,0,0,627,224,740,515,61,64,82,52
GHCND:USW00023183,PHOENIX SKY HARBOR INTERNATIONAL AIRPORT AZ US,20100305,5,-9999,12,-9999,32,-9999,19,0,202,0,145,79,19,6,0,0,0,0,0,0,0,0,0,629,225,742,517,61,64,83,52
GHCND:USW00023183,PHOENIX SKY HARBOR INTERNATIONAL AIRPORT AZ US,20100306,5,-9999,12,-9999,32,-9999,23,0,206,0,144,79,19,6,0,0,0,0,0,0,0,0,0,631,226,744,519,62,64,83,52
GHCND:USW00023183,PHOENIX SKY HARBOR INTERNATIONAL AIRPORT AZ US,20100307,5,-9999,12,-9999,32,-9999,27,0,210,0,142,78,19,6,0,0,0,0,0,0,0,0,0,633,226,747,520,62,64,84,52
GHCND:USW00023183,PHOENIX SKY HARBOR INTERNATIONAL AIRPORT AZ US,20100308,5,-9999,13,-9999,32,-9999,30,0,213,0,140,77,19,5,0,0,0,0,0,0,0,0,0,635,227,749,522,62,63,84,52
GHCND:USW00023183,PHOENIX SKY HARBOR INTERNATIONAL AIRPORT AZ US,20100309,5,-9999,13,-9999,32,-9999,34,0,217,0,139,77,19,5,0,0,0,0,0,0,0,0,0,637,228,751,524,62,63,84,52
GHCND:USW00023183,PHOENIX SKY HARBOR INTERNATIONAL AIRPORT AZ US,20100310,5,-9999,13,-9999,32,-9999,38,0,221,0,137,76,19,5,0,0,0,0,0,0,0,0,0,639,229,754,525,63,63,84,52
GHCND:USW00023183,PHOENIX SKY HARBOR INTERNATIONAL AIRPORT AZ US,20100311,5,-9999,13,-9999,32,-9999,41,0,224,0,136,75,19,5,0,0,0,0,0,0,0,0,0,641,229,756,527,63,63,84,52
GHCND:USW00023183,PHOENIX SKY HARBOR INTERNATIONAL AIRPORT AZ US,20100312,5,-9999,13,-9999,32,-9999,45,0,228,0,134,75,19,5,0,0,0,0,0,0,0,0,0,644,230,759,528,63,62,85,52
GHCND:USW00023183,PHOENIX SKY HARBOR INTERNATIONAL AIRPORT AZ US,20100313,5,-9999,13,-9999,32,-9999,49,0,232,0,132,74,18,5,0,0,0,0,0,0,0,0,0,646,231,761,530,63,62,85,53
GHCND:USW00023183,PHOENIX SKY HARBOR INTERNATIONAL AIRPORT AZ US,20100314,5,-9999,13,-9999,32,-9999,52,0,235,0,130,73,18,4,0,0,0,0,0,0,0,0,0,648,232,764,532,64,62,85,53
GHCND:USW00023183,PHOENIX SKY HARBOR INTERNATIONAL AIRPORT AZ US,20100315,5,-9999,14,-9999,33,-9999,56,0,239,0,128,72,18,4,0,0,0,0,0,0,0,0,0,650,233,766,533,64,62,85,53
GHCND:USW00023183,PHOENIX SKY HARBOR INTERNATIONAL AIRPORT AZ US,20100316,5,-9999,14,-9999,33,-9999,60,0,243,0,126,70,18,4,0,0,0,0,0,0,0,0,0,652,234,768,535,64,61,85,53
GHCND:USW00023183,PHOENIX SKY HARBOR INTERNATIONAL AIRPORT AZ US,20100317,5,-9999,14,-9999,33,-9999,63,0,246,0,124,69,18,4,0,0,0,0,0,0,0,0,0,654,235,771,536,64,61,85,53
GHCND:USW00023183,PHOENIX SKY HARBOR INTERNATIONAL AIRPORT AZ US,20100318,5,-9999,14,-9999,33,-9999,66,0,249,0,121,68,17,4,0,0,0,0,0,0,0,0,0,656,235,773,538,64,61,85,53
GHCND:USW00023183,PHOENIX SKY HARBOR INTERNATIONAL AIRPORT AZ US,20100319,5,-9999,14,-9999,33,-9999,70,0,253,0,119,66,17,4,0,0,0,0,0,0,0,0,0,658,236,776,540,65,61,85,53
GHCND:USW00023183,PHOENIX SKY HARBOR INTERNATIONAL AIRPORT AZ US,20100320,5,-9999,14,-9999,33,-9999,73,0,256,0,117,65,17,3,0,0,0,0,0,0,0,0,0,660,237,779,541,65,60,85,54
GHCND:USW00023183,PHOENIX SKY HARBOR INTERNATIONAL AIRPORT AZ US,20100321,5,-9999,14,-9999,33,-9999,75,0,258,0,115,63,17,3,0,0,0,0,0,0,0,0,0,662,238,781,543,65,60,86,54
GHCND:USW00023183,PHOENIX SKY HARBOR INTERNATIONAL AIRPORT AZ US,20100322,5,-9999,14,-9999,33,-9999,78,0,261,0,112,62,17,3,0,0,0,0,0,0,0,0,0,664,239,784,545,65,60,86,54
GHCND:USW00023183,PHOENIX SKY HARBOR INTERNATIONAL AIRPORT AZ US,20100323,5,-9999,15,-9999,33,-9999,81,0,264,0,110,61,16,3,0,0,0,0,0,0,0,0,0,666,240,786,546,65,60,86,54
GHCND:USW00023183,PHOENIX SKY HARBOR INTERNATIONAL AIRPORT AZ US,20100324,5,-9999,15,-9999,34,-9999,84,0,267,0,108,59,16,3,0,0,0,0,0,0,0,0,0,668,241,789,548,66,59,86,54
GHCND:USW00023183,PHOENIX SKY HARBOR INTERNATIONAL AIRPORT AZ US,20100325,5,-9999,15,-9999,34,-9999,86,0,269,0,106,58,16,3,0,0,0,0,0,0,0,0,0,671,242,791,550,66,59,86,55
GHCND:USW00023183,PHOENIX SKY HARBOR INTERNATIONAL AIRPORT AZ US,20100326,5,-9999,15,-9999,34,-9999,89,0,272,0,103,57,16,3,0,0,0,0,0,0,0,0,0,673,243,794,551,66,59,86,55
GHCND:USW00023183,PHOENIX SKY HARBOR INTERNATIONAL AIRPORT AZ US,20100327,-666,-9999,-666,-9999,-666,-9999,91,0,274,0,101,55,15,2,0,0,0,0,0,0,0,0,0,675,243,797,553,66,59,86,55
GHCND:USW00023183,PHOENIX SKY HARBOR INTERNATIONAL AIRPORT AZ US,20100328,-666,-9999,-666,-9999,-666,-9999,93,0,276,0,99,54,14,2,0,0,0,0,0,0,0,0,0,677,244,799,555,67,58,86,56
GHCND:USW00023183,PHOENIX SKY HARBOR INTERNATIONAL AIRPORT AZ US,20100329,-666,-9999,-666,-9999,-666,-9999,95,0,278,0,97,52,14,2,0,0,0,0,0,0,0,0,0,679,245,802,557,67,58,86,56
GHCND:USW00023183,PHOENIX SKY HARBOR INTERNATIONAL AIRPORT AZ US,20100330,-666,-9999,-666,-9999,-666,-9999,97,0,280,0,94,50,13,2,0,0,0,0,0,0,0,0,0,682,246,805,559,67,58,86,56
GHCND:USW00023183,PHOENIX SKY HARBOR INTERNATIONAL AIRPORT AZ US,20100331,-666,-9999,-666,-9999,-666,-9999,99,0,282,0,92,49,13,2,0,0,0,0,0,0,0,0,0,684,246,807,561,67,58,86,57
GHCND:USW00023183,PHOENIX SKY HARBOR INTERNATIONAL AIRPORT AZ US,20100401,-666,-9999,-666,-9999,-666,-9999,2,0,284,0,90,48,12,-9999,0,0,0,0,0,0,0,0,0,687,247,810,563,67,57,86,57
GHCND:USW00023183,PHOENIX SKY HARBOR INTERNATIONAL AIRPORT AZ US,20100402,-666,-9999,-666,-9999,-666,-9999,3,0,285,0,87,46,12,-9999,0,0,0,0,0,0,0,0,0,689,248,813,565,67,57,86,57
GHCND:USW00023183,PHOENIX SKY HARBOR INTERNATIONAL AIRPORT AZ US,20100403,-666,-9999,-666,-9999,-666,-9999,5,0,287,0,85,44,11,-9999,0,0,0,0,0,0,0,0,0,691,248,815,567,67,57,86,57
GHCND:USW00023183,PHOENIX SKY HARBOR INTERNATIONAL AIRPORT AZ US,20100404,-666,-9999,-666,-9999,-666,-9999,7,0,289,0,82,42,11,-9999,0,0,0,0,0,0,0,0,0,694,249,818,570,67,57,86,58
GHCND:USW00023183,PHOENIX SKY HARBOR INTERNATIONAL AIRPORT AZ US,20100405,-666,-9999,-666,-9999,-666,-9999,8,0,290,0,80,41,10,-9999,0,0,0,0,0,0,0,0,0,696,249,821,572,67,56,86,58
GHCND:USW00023183,PHOENIX SKY HARBOR INTERNATIONAL AIRPORT AZ US,20100406,-666,-9999,-666,-9999,-666,-9999,10,0,292,0,78,39,10,-9999,0,0,0,0,0,0,0,0,0,699,249,824,574,68,56,86,58
GHCND:USW00023183,PHOENIX SKY HARBOR INTERNATIONAL AIRPORT AZ US,20100407,-666,-9999,-666,-9999,-666,-9999,12,0,294,0,76,37,9,-9999,0,0,0,0,0,0,0,0,0,702,250,827,577,68,56,86,58
GHCND:USW00023183,PHOENIX SKY HARBOR INTERNATIONAL AIRPORT AZ US,20100408,-666,-9999,-666,-9999,-666,-9999,13,0,295,0,73,36,8,-9999,0,0,0,0,0,0,0,0,0,704,250,829,579,68,56,86,58
GHCND:USW00023183,PHOENIX SKY HARBOR INTERNATIONAL AIRPORT AZ US,20100409,-666,-9999,-666,-9999,-666,-9999,15,0,297,0,71,34,8,-9999,0,0,0,0,0,0,0,0,0,707,250,832,582,68,56,86,58
GHCND:USW00023183,PHOENIX SKY HARBOR INTERNATIONAL AIRPORT AZ US,20100410,-666,-9999,-666,-9999,-666,-9999,16,0,298,0,69,33,7,-9999,0,0,0,0,0,0,0,0,0,710,251,835,584,68,55,86,59
GHCND:USW00023183,PHOENIX SKY HARBOR INTERNATIONAL AIRPORT AZ US,20100411,-666,-9999,-666,-9999,-666,-9999,17,0,299,0,67,32,7,-9999,0,0,0,0,0,0,0,0,0,713,251,838,587,68,55,86,59
GHCND:USW00023183,PHOENIX SKY HARBOR INTERNATIONAL AIRPORT AZ US,20100412,-666,-9999,-666,-9999,-666,-9999,18,0,300,0,65,30,6,0,0,0,0,0,0,0,0,0,0,715,251,841,590,68,55,86,59
GHCND:USW00023183,PHOENIX SKY HARBOR INTERNATIONAL AIRPORT AZ US,20100413,-666,-9999,-666,-9999,-666,-9999,19,0,301,0,63,29,6,0,0,0,0,0,0,0,0,0,0,718,251,844,593,68,55,85,59
GHCND:USW00023183,PHOENIX SKY HARBOR INTERNATIONAL AIRPORT AZ US,20100414,-666,-9999,-666,-9999,-666,-9999,20,0,302,0,61,28,5,0,0,0,0,0,0,0,0,0,0,721,251,847,596,68,55,85,59
GHCND:USW00023183,PHOENIX SKY HARBOR INTERNATIONAL AIRPORT AZ US,20100415,-666,-9999,-666,-9999,-666,-9999,20,0,302,0,59,27,5,0,0,0,0,0,0,0,0,0,0,724,251,850,599,68,54,85,59
GHCND:USW00023183,PHOENIX SKY HARBOR INTERNATIONAL AIRPORT AZ US,20100416,-666,-9999,-666,-9999,-666,-9999,21,0,303,0,58,26,5,0,0,0,0,0,0,0,0,0,0,727,251,853,602,68,54,85,59
GHCND:USW00023183,PHOENIX SKY HARBOR INTERNATIONAL AIRPORT AZ US,20100417,-666,-9999,-666,-9999,-666,-9999,22,0,304,0,56,25,4,0,0,0,0,0,0,0,0,0,0,730,251,856,605,68,54,85,59
GHCND:USW00023183,PHOENIX SKY HARBOR INTERNATIONAL AIRPORT AZ US,20100418,-666,-9999,-666,-9999,-666,-9999,22,0,304,0,54,24,4,0,0,0,0,0,0,0,0,0,0,733,251,859,608,68,54,85,59
GHCND:USW00023183,PHOENIX SKY HARBOR INTERNATIONAL AIRPORT AZ US,20100419,-666,-9999,-666,-9999,-666,-9999,23,0,305,0,53,23,3,0,0,0,0,0,0,0,0,0,0,737,251,862,611,68,53,84,59
GHCND:USW00023183,PHOENIX SKY HARBOR INTERNATIONAL AIRPORT AZ US,20100420,-666,-9999,-666,-9999,-666,-9999,24,0,306,0,51,22,3,0,0,0,0,0,0,0,0,0,0,740,251,865,614,68,53,84,59
GHCND:USW00023183,PHOENIX SKY HARBOR INTERNATIONAL AIRPORT AZ US,20100421,-666,-9999,-666,-9999,-666,-9999,24,0,306,0,50,21,2,0,0,0,0,0,0,0,0,0,0,743,251,868,617,68,53,84,59
GHCND:USW00023183,PHOENIX SKY HARBOR INTERNATIONAL AIRPORT AZ US,20100422,-666,-9999,-666,-9999,-666,-9999,25,0,307,0,48,20,2,0,0,0,0,0,0,0,0,0,0,746,250,871,621,68,52,84,59
GHCND:USW00023183,PHOENIX SKY HARBOR INTERNATIONAL AIRPORT AZ US,20100423,-666,-9999,-666,-9999,-666,-9999,25,0,307,0,46,19,2,0,0,0,0,0,0,0,0,0,0,749,250,874,624,67,52,83,59
GHCND:USW00023183,PHOENIX SKY HARBOR INTERNATIONAL AIRPORT AZ US,20100424,-666,-9999,-666,-9999,-666,-9999,25,0,307,0,45,18,1,0,0,0,0,0,0,0,0,0,0,752,250,877,627,67,52,83,59
GHCND:USW00023183,PHOENIX SKY HARBOR INTERNATIONAL AIRPORT AZ US,20100425,-666,-9999,-666,-9999,-666,-9999,26,0,308,0,43,17,1,0,0,0,0,0,0,0,0,0,0,756,250,881,631,67,52,82,59
GHCND:USW00023183,PHOENIX SKY HARBOR INTERNATIONAL AIRPORT AZ US,20100426,-666,-9999,-666,-9999,-666,-9999,26,0,308,0,42,16,1,0,0,0,0,0,0,0,0,0,0,759,250,884,634,67,51,82,59
GHCND:USW00023183,PHOENIX SKY HARBOR INTERNATIONAL AIRPORT AZ US,20100427,-666,-9999,-666,-9999,-666,-9999,27,0,309,0,41,16,1,0,0,0,0,0,0,0,0,0,0,762,250,887,637,66,51,81,59
GHCND:USW00023183,PHOENIX SKY HARBOR INTERNATIONAL AIRPORT AZ US,20100428,-666,-9999,-666,-9999,-666,-9999,27,0,309,0,40,15,1,0,0,0,0,0,0,0,0,0,0,765,250,890,640,66,51,81,59
GHCND:USW00023183,PHOENIX SKY HARBOR INTERNATIONAL AIRPORT AZ US,20100429,-666,-9999,-666,-9999,-666,-9999,28,0,310,0,39,15,1,0,0,0,0,0,0,0,0,0,0,768,249,893,644,66,50,81,59
GHCND:USW00023183,PHOENIX SKY HARBOR INTERNATIONAL AIRPORT AZ US,20100430,-666,-9999,-666,-9999,-666,-9999,28,0,310,0,38,14,0,0,0,0,0,0,0,0,0,0,0,772,249,896,647,66,50,80,59
GHCND:USW00023183,PHOENIX SKY HARBOR INTERNATIONAL AIRPORT AZ US,20100501,-666,-9999,-666,-9999,-666,-9999,0,0,310,0,37,14,0,0,0,0,0,0,0,0,0,0,0,775,249,899,650,65,50,80,58
GHCND:USW00023183,PHOENIX SKY HARBOR INTERNATIONAL AIRPORT AZ US,20100502,-666,-9999,-666,-9999,-666,-9999,1,0,311,0,37,14,0,0,0,0,0,0,0,0,0,0,0,778,249,903,654,65,49,79,58
GHCND:USW00023183,PHOENIX SKY HARBOR INTERNATIONAL AIRPORT AZ US,20100503,-666,-9999,-666,-9999,-666,-9999,1,0,311,0,36,14,0,0,0,0,0,0,0,0,0,0,0,781,249,906,657,65,49,79,58
GHCND:USW00023183,PHOENIX SKY HARBOR INTERNATIONAL AIRPORT AZ US,20100504,-666,-9999,-666,-9999,-666,-9999,2,0,312,0,35,13,0,0,0,0,0,0,0,0,0,0,0,784,249,909,660,65,49,78,58
GHCND:USW00023183,PHOENIX SKY HARBOR INTERNATIONAL AIRPORT AZ US,20100505,-666,-9999,-666,-9999,-666,-9999,2,0,312,0,35,13,0,0,0,0,0,0,0,0,0,0,0,788,249,912,663,64,48,78,58
GHCND:USW00023183,PHOENIX SKY HARBOR INTERNATIONAL AIRPORT AZ US,20100506,-666,-9999,-666,-9999,-666,-9999,2,0,312,0,34,13,0,0,0,0,0,0,0,0,0,0,0,791,249,915,666,64,48,77,58
GHCND:USW00023183,PHOENIX SKY HARBOR INTERNATIONAL AIRPORT AZ US,20100507,-666,-9999,-666,-9999,-666,-9999,3,0,313,0,34,13,0,0,0,0,0,0,0,0,0,0,0,794,249,919,669,64,48,77,58
GHCND:USW00023183,PHOENIX SKY HARBOR INTERNATIONAL AIRPORT AZ US,20100508,-666,-9999,-666,-9999,-666,-9999,3,0,313,0,33,13,0,0,0,0,0,0,0,0,0,0,0,797,250,922,672,63,47,76,58
GHCND:USW00023183,PHOENIX SKY HARBOR INTERNATIONAL AIRPORT AZ US,20100509,-666,-9999,-666,-9999,-666,-9999,3,0,313,0,33,13,0,0,0,0,0,0,0,0,0,0,0,800,250,925,675,63,47,76,57
GHCND:USW00023183,PHOENIX SKY HARBOR INTERNATIONAL AIRPORT AZ US,20100510,-666,-9999,-666,-9999,-666,-9999,4,0,314,0,32,13,0,0,0,0,0,0,0,0,0,0,0,803,250,928,678,63,47,76,57
GHCND:USW00023183,PHOENIX SKY HARBOR INTERNATIONAL AIRPORT AZ US,20100511,-666,-9999,-666,-9999,-666,-9999,4,0,314,0,32,12,0,0,0,0,0,0,0,0,0,0,0,806,250,932,681,63,46,75,57
GHCND:USW00023183,PHOENIX SKY HARBOR INTERNATIONAL AIRPORT AZ US,20100512,-666,-9999,-666,-9999,-666,-9999,5,0,315,0,32,12,0,0,0,0,0,0,0,0,0,0,0,809,251,935,684,62,46,75,57
GHCND:USW00023183,PHOENIX SKY HARBOR INTERNATIONAL AIRPORT AZ US,20100513,-666,-9999,-666,-9999,-666,-9999,5,0,315,0,32,12,0,0,0,0,0,0,0,0,0,0,0,812,251,938,687,62,46,75,57
GHCND:USW00023183,PHOENIX SKY HARBOR INTERNATIONAL AIRPORT AZ US,20100514,-666,-9999,-666,-9999,-666,-9999,5,0,315,0,31,12,0,0,0,0,0,0,0,0,0,0,0,815,252,941,690,62,46,74,56
GHCND:USW00023183,PHOENIX SKY HARBOR INTERNATIONAL AIRPORT AZ US,20100515,-666,-9999,-666,-9999,-666,-9999,6,0,316,0,31,12,0,0,0,0,0,0,0,0,0,0,0,818,252,945,692,62,45,74,56
GHCND:USW00023183,PHOENIX SKY HARBOR INTERNATIONAL AIRPORT AZ US,20100516,-666,-9999,-666,-9999,-666,-9999,6,0,316,0,31,12,0,0,0,0,0,0,0,0,0,0,0,821,253,948,695,61,45,74,56
GHCND:USW00023183,PHOENIX SKY HARBOR INTERNATIONAL AIRPORT AZ US,20100517,-666,-9999,-666,-9999,-666,-9999,7,0,317,0,30,12,0,0,0,0,0,0,0,0,0,0,0,824,253,951,698,61,45,74,56
GHCND:USW00023183,PHOENIX SKY HARBOR INTERNATIONAL AIRPORT AZ US,20100518,-666,-9999,-666,-9999,-666,-9999,7,0,317,0,30,12,0,0,0,0,0,0,0,0,0,0,0,827,254,954,701,61,45,73,55
GHCND:USW00023183,PHOENIX SKY HARBOR INTERNATIONAL AIRPORT AZ US,20100519,-666,-9999,-666,-9999,-666,-9999,7,0,317,0,30,12,0,0,0,0,0,0,0,0,0,0,0,830,254,958,703,61,45,73,55
GHCND:USW00023183,PHOENIX SKY HARBOR INTERNATIONAL AIRPORT AZ US,20100520,-666,-9999,-666,-9999,-666,-9999,8,0,318,0,29,12,0,0,0,0,0,0,0,0,0,0,0,833,255,961,706,60,44,72,55
GHCND:USW00023183,PHOENIX SKY HARBOR INTERNATIONAL AIRPORT AZ US,20100521,-666,-9999,-666,-9999,-666,-9999,8,0,318,0,29,12,0,0,0,0,0,0,0,0,0,0,0,836,256,964,708,60,44,72,55
GHCND:USW00023183,PHOENIX SKY HARBOR INTERNATIONAL AIRPORT AZ US,20100522,-666,-9999,-666,-9999,-666,-9999,8,0,318,0,29,12,0,0,0,0,0,0,0,0,0,0,0,839,257,967,711,60,44,72,54
GHCND:USW00023183,PHOENIX SKY HARBOR INTERNATIONAL AIRPORT AZ US,20100523,-666,-9999,-666,-9999,-666,-9999,9,0,319,0,28,11,0,0,0,0,0,0,0,0,0,0,0,842,257,971,713,59,44,71,54
GHCND:USW00023183,PHOENIX SKY HARBOR INTERNATIONAL AIRPORT AZ US,20100524,-666,-9999,-666,-9999,-666,-9999,9,0,319,0,28,11,0,0,0,0,0,0,0,0,0,0,0,845,258,974,716,59,44,71,54
GHCND:USW00023183,PHOENIX SKY HARBOR INTERNATIONAL AIRPORT AZ US,20100525,-666,-9999,-666,-9999,-666,-9999,9,0,319,0,27,11,0,0,0,0,0,0,0,0,0,0,0,848,259,977,719,59,43,70,53
GHCND:USW00023183,PHOENIX SKY HARBOR INTERNATIONAL AIRPORT AZ US,20100526,-666,-9999,-666,-9999,-666,-9999,10,0,320,0,27,10,0,0,0,0,0,0,0,0,0,0,0,851,260,981,721,58,43,70,53
GHCND:USW00023183,PHOENIX SKY HARBOR INTERNATIONAL AIRPORT AZ US,20100527,-666,-9999,-666,-9999,-666,-9999,10,0,320,0,26,10,0,0,0,0,0,0,0,0,0,0,0,854,260,984,724,58,43,70,53
GHCND:USW00023183,PHOENIX SKY HARBOR INTERNATIONAL AIRPORT AZ US,20100528,-666,-9999,-666,-9999,-666,-9999,10,0,320,0,25,10,0,0,0,0,0,0,0,0,0,0,0,857,261,987,726,58,43,69,53
GHCND:USW00023183,PHOENIX SKY HARBOR INTERNATIONAL AIRPORT AZ US,20100529,-666,-9999,-666,-9999,-666,-9999,10,0,320,0,25,9,0,0,0,0,0,0,0,0,0,0,0,860,262,991,729,57,43,69,52
GHCND:USW00023183,PHOENIX SKY HARBOR INTERNATIONAL AIRPORT AZ US,20100530,-666,-9999,-666,-9999,-666,-9999,11,0,321,0,24,9,0,0,0,0,0,0,0,0,0,0,0,863,262,994,731,57,43,68,52
GHCND:USW00023183,PHOENIX SKY HARBOR INTERNATIONAL AIRPORT AZ US,20100531,-666,-9999,-666,-9999,-666,-9999,11,0,321,0,23,9,0,0,0,0,0,0,0,0,0,0,0,866,263,997,734,56,43,68,52
GHCND:USW00023183,PHOENIX SKY HARBOR INTERNATIONAL AIRPORT AZ US,20100601,-666,-9999,-666,-9999,-666,-9999,0,0,321,0,23,8,0,0,0,0,0,0,0,0,0,0,0,868,264,1000,737,56,42,67,51
GHCND:USW00023183,PHOENIX SKY HARBOR INTERNATIONAL AIRPORT AZ US,20100602,-666,-9999,-666,-9999,-666,-9999,0,0,321,0,22,8,0,0,0,0,0,0,0,0,0,0,0,871,264,1004,739,55,42,67,51
GHCND:USW00023183,PHOENIX SKY HARBOR INTERNATIONAL AIRPORT AZ US,20100603,-666,-9999,-666,-9999,-666,-9999,0,0,321,0,22,8,0,0,0,0,0,0,0,0,0,0,0,874,265,1007,742,55,42,66,50
GHCND:USW00023183,PHOENIX SKY HARBOR INTERNATIONAL AIRPORT AZ US,20100604,-666,-9999,-666,-9999,-666,-9999,0,0,321,0,22,8,0,0,0,0,0,0,0,0,0,0,0,877,265,1010,745,54,42,65,50
GHCND:USW00023183,PHOENIX SKY HARBOR INTERNATIONAL AIRPORT AZ US,20100605,-666,-9999,-666,-9999,-666,-9999,0,0,321,0,22,7,0,0,0,0,0,0,0,0,0,0,0,880,266,1013,747,54,42,64,50
GHCND:USW00023183,PHOENIX SKY HARBOR INTERNATIONAL AIRPORT AZ US,20100606,-666,-9999,-666,-9999,-666,-9999,0,0,321,0,21,7,0,0,0,0,0,0,0,0,0,0,0,883,266,1016,750,53,42,64,50
GHCND:USW00023183,PHOENIX SKY HARBOR INTERNATIONAL AIRPORT AZ US,20100607,-666,-9999,-666,-9999,-666,-9999,0,0,321,0,21,7,0,0,0,0,0,0,0,0,0,0,0,886,266,1019,753,53,42,63,49
GHCND:USW00023183,PHOENIX SKY HARBOR INTERNATIONAL AIRPORT AZ US,20100608,-666,-9999,-666,-9999,-666,-9999,0,0,321,0,21,7,0,0,0,0,0,0,0,0,0,0,0,889,266,1022,756,52,42,62,49
GHCND:USW00023183,PHOENIX SKY HARBOR INTERNATIONAL AIRPORT AZ US,20100609,-666,-9999,-666,-9999,-666,-9999,0,0,321,0,22,7,0,0,0,0,0,0,0,0,0,0,0,892,267,1025,758,51,42,61,49
GHCND:USW00023183,PHOENIX SKY HARBOR INTERNATIONAL AIRPORT AZ US,20100610,-666,-9999,-666,-9999,-666,-9999,0,0,321,0,22,7,0,0,0,0,0,0,0,0,0,0,0,895,267,1028,761,51,42,60,49
GHCND:USW00023183,PHOENIX SKY HARBOR INTERNATIONAL AIRPORT AZ US,20100611,-666,-9999,-666,-9999,-666,-9999,0,0,321,0,22,8,0,0,0,0,0,0,0,0,0,0,0,897,267,1031,764,50,42,59,49
GHCND:USW00023183,PHOENIX SKY HARBOR INTERNATIONAL AIRPORT AZ US,20100612,-666,-9999,-666,-9999,-666,-9999,0,0,321,0,23,8,0,0,0,0,0,0,0,0,0,0,0,900,266,1033,767,49,42,58,48
GHCND:USW00023183,PHOENIX SKY HARBOR INTERNATIONAL AIRPORT AZ US,20100613,-666,-9999,-666,-9999,-666,-9999,0,0,321,0,24,8,0,0,0,0,0,0,0,0,0,0,0,903,266,1036,770,49,42,57,48
GHCND:USW00023183,PHOENIX SKY HARBOR INTERNATIONAL AIRPORT AZ US,20100614,-666,-9999,-666,-9999,-666,-9999,0,0,321,0,25,9,0,0,0,0,0,0,0,0,0,0,0,906,266,1039,773,48,42,56,48
GHCND:USW00023183,PHOENIX SKY HARBOR INTERNATIONAL AIRPORT AZ US,20100615,-666,-9999,-666,-9999,-666,-9999,0,0,321,0,26,9,-9999,0,0,0,0,0,0,0,0,0,0,908,265,1041,776,47,42,55,48
GHCND:USW00023183,PHOENIX SKY HARBOR INTERNATIONAL AIRPORT AZ US,20100616,-666,-9999,-666,-9999,-666,-9999,0,0,321,0,27,10,-9999,0,0,0,0,0,0,0,0,0,0,911,265,1044,779,47,42,55,48
GHCND:USW00023183,PHOENIX SKY HARBOR INTERNATIONAL AIRPORT AZ US,20100617,-666,-9999,-666,-9999,-666,-9999,0,0,321,0,28,11,-9999,0,0,0,0,0,0,0,0,0,0,914,264,1046,782,46,42,54,48
GHCND:USW00023183,PHOENIX SKY HARBOR INTERNATIONAL AIRPORT AZ US,20100618,-666,-9999,-666,-9999,-666,-9999,1,0,322,0,30,11,-9999,0,0,0,0,0,0,0,0,0,0,916,264,1048,784,46,42,53,47
GHCND:USW00023183,PHOENIX SKY HARBOR INTERNATIONAL AIRPORT AZ US,20100619,-666,-9999,-666,-9999,-666,-9999,1,0,322,0,32,12,-9999,0,0,0,0,0,0,0,0,0,0,919,263,1050,787,45,42,52,47
GHCND:USW00023183,PHOENIX SKY HARBOR INTERNATIONAL AIRPORT AZ US,20100620,-666,-9999,-666,-9999,-666,-9999,1,0,322,0,33,14,-9999,0,0,0,0,0,0,0,0,0,0,921,262,1052,790,45,43,52,47
GHCND:USW00023183,PHOENIX SKY HARBOR INTERNATIONAL AIRPORT AZ US,20100621,-666,-9999,-666,-9999,-666,-9999,1,0,322,0,35,15,-9999,-9999,0,0,0,0,0,0,0,0,0,924,261,1054,793,44,43,51,47
GHCND:USW00023183,PHOENIX SKY HARBOR INTERNATIONAL AIRPORT AZ US,20100622,-666,-9999,-666,-9999,-666,-9999,1,0,322,0,38,16,-9999,-9999,0,0,0,0,0,0,0,0,0,926,260,1056,796,44,43,50,47
GHCND:USW00023183,PHOENIX SKY HARBOR INTERNATIONAL AIRPORT AZ US,20100623,-666,-9999,-666,-9999,-666,-9999,1,0,322,0,40,18,-9999,-9999,0,0,0,0,0,0,0,0,0,928,259,1058,799,43,43,50,47
GHCND:USW00023183,PHOENIX SKY HARBOR INTERNATIONAL AIRPORT AZ US,20100624,-666,-9999,-666,-9999,-666,-9999,1,0,322,0,43,19,-9999,-9999,0,0,0,0,0,0,0,0,0,930,258,1059,801,43,43,49,47
GHCND:USW00023183,PHOENIX SKY HARBOR INTERNATIONAL AIRPORT AZ US,20100625,-666,-9999,-666,-9999,-666,-9999,1,0,322,0,46,21,-9999,-9999,0,0,0,0,0,0,0,0,0,932,257,1060,804,43,43,49,47
GHCND:USW00023183,PHOENIX SKY HARBOR INTERNATIONAL AIRPORT AZ US,20100626,-666,-9999,-666,-9999,-666,-9999,1,0,322,0,49,22,-9999,-9999,0,0,0,0,0,0,0,0,0,934,255,1062,807,42,43,48,47
GHCND:USW00023183,PHOENIX SKY HARBOR INTERNATIONAL AIRPORT AZ US,20100627,-666,-9999,-666,-9999,-666,-9999,1,0,322,0,52,24,-9999,-9999,0,0,0,0,0,0,0,0,0,936,254,1063,809,42,43,48,47
GHCND:USW00023183,PHOENIX SKY HARBOR INTERNATIONAL AIRPORT AZ US,20100628,-666,-9999,-666,-9999,-666,-9999,2,0,323,0,55,26,-9999,-9999,0,0,0,0,0,0,0,0,0,938,252,1064,812,42,43,48,47
GHCND:USW00023183,PHOENIX SKY HARBOR INTERNATIONAL AIRPORT AZ US,20100629,-666,-9999,-666,-9999,-666,-9999,2,0,323,0,58,28,-9999,-9999,0,0,0,0,0,0,0,0,0,939,251,1065,814,42,43,47,47
GHCND:USW00023183,PHOENIX SKY HARBOR INTERNATIONAL AIRPORT AZ US,20100630,-666,-9999,-666,-9999,-666,-9999,2,0,323,0,62,30,-9999,-9999,0,0,0,0,0,0,0,0,0,941,249,1065,816,42,43,47,47
GHCND:USW00023183,PHOENIX SKY HARBOR INTERNATIONAL AIRPORT AZ US,20100701,-666,-9999,-666,-9999,-666,-9999,2,0,325,0,66,32,7,2,0,0,0,0,0,0,0,0,0,942,248,1066,818,42,43,47,47
GHCND:USW00023183,PHOENIX SKY HARBOR INTERNATIONAL AIRPORT AZ US,20100702,-666,-9999,-666,-9999,-666,-9999,3,0,326,0,70,34,8,3,0,0,0,0,0,0,0,0,0,944,246,1067,821,42,43,48,47
GHCND:USW00023183,PHOENIX SKY HARBOR INTERNATIONAL AIRPORT AZ US,20100703,-666,-9999,-666,-9999,-666,-9999,5,0,328,0,74,36,8,3,0,0,0,0,0,0,0,0,0,945,244,1067,823,42,43,48,47
GHCND:USW00023183,PHOENIX SKY HARBOR INTERNATIONAL AIRPORT AZ US,20100704,-666,-9999,-666,-9999,-666,-9999,7,0,330,0,78,39,9,3,0,0,0,0,0,0,0,0,0,946,243,1067,825,42,43,48,47
GHCND:USW00023183,PHOENIX SKY HARBOR INTERNATIONAL AIRPORT AZ US,20100705,-666,-9999,-666,-9999,-666,-9999,9,0,332,0,82,41,10,4,0,0,0,0,0,0,0,0,0,947,241,1067,826,42,43,48,48
GHCND:USW00023183,PHOENIX SKY HARBOR INTERNATIONAL AIRPORT AZ US,20100706,-666,-9999,-666,-9999,-666,-9999,11,0,334,0,86,44,11,4,0,0,0,0,0,0,0,0,0,948,239,1067,828,42,43,48,48
GHCND:USW00023183,PHOENIX SKY HARBOR INTERNATIONAL AIRPORT AZ US,20100707,-666,-9999,-666,-9999,-666,-9999,13,0,336,0,90,46,11,4,0,0,0,0,0,0,0,0,0,948,238,1067,830,43,43,48,48
GHCND:USW00023183,PHOENIX SKY HARBOR INTERNATIONAL AIRPORT AZ US,20100708,-666,-9999,-666,-9999,-666,-9999,16,0,339,0,93,48,12,5,0,0,0,0,0,0,0,0,0,949,236,1067,831,43,43,48,48
GHCND:USW00023183,PHOENIX SKY HARBOR INTERNATIONAL AIRPORT AZ US,20100709,-666,-9999,-666,-9999,-666,-9999,18,0,341,0,97,50,13,5,0,0,0,0,0,0,0,0,0,950,234,1067,832,43,43,48,48
GHCND:USW00023183,PHOENIX SKY HARBOR INTERNATIONAL AIRPORT AZ US,20100710,-666,-9999,-666,-9999,-666,-9999,21,0,344,0,100,52,14,5,0,0,0,0,0,0,0,0,0,950,233,1066,834,43,44,49,48
GHCND:USW00023183,PHOENIX SKY HARBOR INTERNATIONAL AIRPORT AZ US,20100711,3,-9999,10,-9999,32,-9999,24,0,347,0,104,54,14,6,0,0,0,0,0,0,0,0,0,950,231,1066,835,43,44,49,48
GHCND:USW00023183,PHOENIX SKY HARBOR INTERNATIONAL AIRPORT AZ US,20100712,3,-9999,10,-9999,32,-9999,27,0,350,0,107,55,15,6,0,0,0,0,0,0,0,0,0,951,230,1065,836,43,44,49,48
GHCND:USW00023183,PHOENIX SKY HARBOR INTERNATIONAL AIRPORT AZ US,20100713,3,-9999,10,-9999,32,-9999,30,0,353,0,111,57,16,6,0,0,0,0,0,0,0,0,0,951,228,1065,837,43,44,50,48
GHCND:USW00023183,PHOENIX SKY HARBOR INTERNATIONAL AIRPORT AZ US,20100714,3,-9999,10,-9999,32,-9999,34,0,357,0,115,59,17,7,0,0,0,0,0,0,0,0,0,951,226,1064,838,43,43,50,47
GHCND:USW00023183,PHOENIX SKY HARBOR INTERNATIONAL AIRPORT AZ US,20100715,3,-9999,10,-9999,32,-9999,38,0,361,0,118,61,17,7,0,0,0,0,0,0,0,0,0,951,225,1063,838,44,43,50,47
GHCND:USW00023183,PHOENIX SKY HARBOR INTERNATIONAL AIRPORT AZ US,20100716,3,-9999,10,-9999,32,-9999,42,0,365,0,122,62,18,7,0,0,0,0,0,0,0,0,0,951,224,1063,839,44,43,50,47
GHCND:USW00023183,PHOENIX SKY HARBOR INTERNATIONAL AIRPORT AZ US,20100717,3,-9999,10,-9999,32,-9999,46,0,369,0,125,64,18,7,0,0,0,0,0,0,0,0,0,951,222,1062,839,43,43,50,47
GHCND:USW00023183,PHOENIX SKY HARBOR INTERNATIONAL AIRPORT AZ US,20100718,3,-9999,10,-9999,32,-9999,50,0,373,0,128,65,19,7,0,0,0,0,0,0,0,0,0,950,221,1061,840,44,43,50,47
GHCND:USW00023183,PHOENIX SKY HARBOR INTERNATIONAL AIRPORT AZ US,20100719,3,-9999,10,-9999,32,-9999,54,0,377,0,131,66,20,8,0,0,0,0,0,0,0,0,0,950,220,1060,840,44,43,50,47
GHCND:USW00023183,PHOENIX SKY HARBOR INTERNATIONAL AIRPORT AZ US,20100720,3,-9999,10,-9999,32,-9999,58,0,381,0,135,68,20,8,0,0,0,0,0,0,0,0,0,950,219,1059,840,44,43,51,46
GHCND:USW00023183,PHOENIX SKY HARBOR INTERNATIONAL AIRPORT AZ US,20100721,3,-9999,10,-9999,32,-9999,63,0,386,0,138,69,21,8,0,0,0,0,0,0,0,0,0,949,218,1058,840,44,43,51,46
GHCND:USW00023183,PHOENIX SKY HARBOR INTERNATIONAL AIRPORT AZ US,20100722,3,-9999,10,-9999,32,-9999,67,0,390,0,141,70,22,8,0,0,0,0,0,0,0,0,0,949,217,1057,840,44,42,51,46
GHCND:USW00023183,PHOENIX SKY HARBOR INTERNATIONAL AIRPORT AZ US,20100723,3,-9999,9,-9999,32,-9999,71,0,394,0,143,71,22,8,0,0,0,0,0,0,0,0,0,948,216,1056,840,44,42,51,46
GHCND:USW00023183,PHOENIX SKY HARBOR INTERNATIONAL AIRPORT AZ US,20100724,3,-9999,9,-9999,32,-9999,75,0,398,0,145,72,23,9,0,0,0,0,0,0,0,0,0,948,215,1056,840,44,42,51,46
GHCND:USW00023183,PHOENIX SKY HARBOR INTERNATIONAL AIRPORT AZ US,20100725,3,-9999,9,-9999,31,-9999,80,0,403,0,148,73,23,9,0,0,0,0,0,0,0,0,0,947,215,1055,840,44,42,51,46
GHCND:USW00023183,PHOENIX SKY HARBOR INTERNATIONAL AIRPORT AZ US,20100726,3,-9999,9,-9999,31,-9999,84,0,407,0,150,74,24,9,0,0,0,0,0,0,0,0,0,947,214,1054,840,43,42,51,45
GHCND:USW00023183,PHOENIX SKY HARBOR INTERNATIONAL AIRPORT AZ US,20100727,3,-9999,9,-9999,31,-9999,88,0,411,0,152,75,24,9,0,0,0,0,0,0,0,0,0,946,213,1053,840,43,42,51,45
GHCND:USW00023183,PHOENIX SKY HARBOR INTERNATIONAL AIRPORT AZ US,20100728,2,-9999,9,-9999,31,-9999,93,0,416,0,154,75,24,9,0,0,0,0,0,0,0,0,0,946,213,1052,839,43,42,51,45
GHCND:USW00023183,PHOENIX SKY HARBOR INTERNATIONAL AIRPORT AZ US,20100729,2,-9999,9,-9999,30,-9999,97,0,420,0,156,76,25,9,0,0,0,0,0,0,0,0,0,945,213,1051,839,43,41,51,45
GHCND:USW00023183,PHOENIX SKY HARBOR INTERNATIONAL AIRPORT AZ US,20100730,2,-9999,9,-9999,30,-9999,101,0,424,0,158,76,25,9,0,0,0,0,0,0,0,0,0,945,212,1051,838,43,41,50,45
GHCND:USW00023183,PHOENIX SKY HARBOR INTERNATIONAL AIRPORT AZ US,20100731,2,-9999,9,-9999,30,-9999,105,0,428,0,159,77,25,8,0,0,0,0,0,0,0,0,0,944,212,1050,838,43,41,50,45
GHCND:USW00023183,PHOENIX SKY HARBOR INTERNATIONAL AIRPORT AZ US,20100801,2,-9999,9,-9999,30,-9999,3,0,431,0,159,77,25,8,0,0,0,0,0,0,0,0,0,943,212,1049,837,43,41,50,44
GHCND:USW00023183,PHOENIX SKY HARBOR INTERNATIONAL AIRPORT AZ US,20100802,2,-9999,9,-9999,30,-9999,7,0,435,0,160,77,26,8,0,0,0,0,0,0,0,0,0,943,212,1049,837,42,41,50,44
GHCND:USW00023183,PHOENIX SKY HARBOR INTERNATIONAL AIRPORT AZ US,20100803,2,-9999,9,-9999,30,-9999,11,0,439,0,161,77,26,8,0,0,0,0,0,0,0,0,0,942,212,1048,836,42,41,50,44
GHCND:USW00023183,PHOENIX SKY HARBOR INTERNATIONAL AIRPORT AZ US,20100804,2,-9999,9,-9999,29,-9999,14,0,442,0,162,77,26,8,0,0,0,0,0,0,0,0,0,942,212,1048,836,42,41,50,44
GHCND:USW00023183,PHOENIX SKY HARBOR INTERNATIONAL AIRPORT AZ US,20100805,2,-9999,8,-9999,29,-9999,18,0,446,0,162,77,26,8,0,0,0,0,0,0,0,0,0,941,212,1047,835,42,41,50,44
GHCND:USW00023183,PHOENIX SKY HARBOR INTERNATIONAL AIRPORT AZ US,20100806,2,-9999,8,-9999,29,-9999,21,0,449,0,163,77,26,8,0,0,0,0,0,0,0,0,0,941,212,1047,835,42,41,50,44
GHCND:USW00023183,PHOENIX SKY HARBOR INTERNATIONAL AIRPORT AZ US,20100807,2,-9999,8,-9999,29,-9999,25,0,453,0,164,77,26,8,0,0,0,0,0,0,0,0,0,940,213,1047,834,42,41,50,43
GHCND:USW00023183,PHOENIX SKY HARBOR INTERNATIONAL AIRPORT AZ US,20100808,2,-9999,8,-9999,29,-9999,28,0,456,0,165,77,26,8,0,0,0,0,0,0,0,0,0,940,213,1046,833,42,40,50,43
GHCND:USW00023183,PHOENIX SKY HARBOR INTERNATIONAL AIRPORT AZ US,20100809,2,-9999,8,-9999,29,-9999,31,0,459,0,165,77,26,7,0,0,0,0,0,0,0,0,0,939,213,1046,833,42,40,50,43
GHCND:USW00023183,PHOENIX SKY HARBOR INTERNATIONAL AIRPORT AZ US,20100810,2,-9999,8,-9999,29,-9999,35,0,463,0,165,78,26,7,0,0,0,0,0,0,0,0,0,939,214,1046,832,42,40,50,43
GHCND:USW00023183,PHOENIX SKY HARBOR INTERNATIONAL AIRPORT AZ US,20100811,2,-9999,9,-9999,28,-9999,38,0,466,0,164,78,26,7,0,0,0,0,0,0,0,0,0,939,214,1045,832,42,40,50,43
GHCND:USW00023183,PHOENIX SKY HARBOR INTERNATIONAL AIRPORT AZ US,20100812,2,-9999,9,-9999,28,-9999,41,0,469,0,164,78,26,7,0,0,0,0,0,0,0,0,0,938,214,1045,831,42,40,50,43
GHCND:USW00023183,PHOENIX SKY HARBOR INTERNATIONAL AIRPORT AZ US,20100813,2,-9999,9,-9999,28,-9999,45,0,473,0,163,78,26,7,0,0,0,0,0,0,0,0,0,938,215,1045,830,43,40,50,44
GHCND:USW00023183,PHOENIX SKY HARBOR INTERNATIONAL AIRPORT AZ US,20100814,2,-9999,9,-9999,28,-9999,48,0,476,0,163,78,26,7,0,0,0,0,0,0,0,0,0,937,215,1045,830,43,40,50,44
GHCND:USW00023183,PHOENIX SKY HARBOR INTERNATIONAL AIRPORT AZ US,20100815,2,-9999,9,-9999,28,-9999,51,0,479,0,162,77,26,7,0,0,0,0,0,0,0,0,0,937,216,1045,829,43,40,51,44
GHCND:USW00023183,PHOENIX SKY HARBOR INTERNATIONAL AIRPORT AZ US,20100816,2,-9999,9,-9999,27,-9999,54,0,482,0,161,77,26,7,0,0,0,0,0,0,0,0,0,936,216,1045,828,43,40,51,44
GHCND:USW00023183,PHOENIX SKY HARBOR INTERNATIONAL AIRPORT AZ US,20100817,2,-9999,9,-9999,27,-9999,57,0,485,0,160,76,26,7,0,0,0,0,0,0,0,0,0,936,217,1044,827,44,40,51,44
GHCND:USW00023183,PHOENIX SKY HARBOR INTERNATIONAL AIRPORT AZ US,20100818,2,-9999,9,-9999,27,-9999,60,0,488,0,158,76,25,7,0,0,0,0,0,0,0,0,0,935,218,1044,827,44,40,51,45
GHCND:USW00023183,PHOENIX SKY HARBOR INTERNATIONAL AIRPORT AZ US,20100819,2,-9999,9,-9999,26,-9999,63,0,491,0,157,75,25,7,0,0,0,0,0,0,0,0,0,935,218,1044,826,44,40,51,45
GHCND:USW00023183,PHOENIX SKY HARBOR INTERNATIONAL AIRPORT AZ US,20100820,2,-9999,9,-9999,26,-9999,67,0,495,0,155,74,24,6,0,0,0,0,0,0,0,0,0,934,219,1044,825,44,40,52,45
GHCND:USW00023183,PHOENIX SKY HARBOR INTERNATIONAL AIRPORT AZ US,20100821,2,-9999,9,-9999,26,-9999,70,0,498,0,154,73,24,6,0,0,0,0,0,0,0,0,0,934,219,1043,824,44,41,52,45
GHCND:USW00023183,PHOENIX SKY HARBOR INTERNATIONAL AIRPORT AZ US,20100822,2,-9999,9,-9999,26,-9999,73,0,501,0,152,73,23,6,0,0,0,0,0,0,0,0,0,933,220,1043,823,44,41,52,45
GHCND:USW00023183,PHOENIX SKY HARBOR INTERNATIONAL AIRPORT AZ US,20100823,2,-9999,9,-9999,26,-9999,76,0,504,0,150,72,23,6,0,0,0,0,0,0,0,0,0,932,220,1043,822,45,41,52,46
GHCND:USW00023183,PHOENIX SKY HARBOR INTERNATIONAL AIRPORT AZ US,20100824,2,-9999,9,-9999,26,-9999,80,0,508,0,148,71,23,6,0,0,0,0,0,0,0,0,0,932,221,1042,821,45,41,52,46
GHCND:USW00023183,PHOENIX SKY HARBOR INTERNATIONAL AIRPORT AZ US,20100825,2,-9999,9,-9999,25,-9999,83,0,511,0,146,70,22,6,0,0,0,0,0,0,0,0,0,931,221,1042,820,45,41,52,46
GHCND:USW00023183,PHOENIX SKY HARBOR INTERNATIONAL AIRPORT AZ US,20100826,2,-9999,9,-9999,25,-9999,86,0,514,0,145,70,21,6,0,0,0,0,0,0,0,0,0,930,222,1041,819,45,41,53,46
GHCND:USW00023183,PHOENIX SKY HARBOR INTERNATIONAL AIRPORT AZ US,20100827,2,-9999,9,-9999,25,-9999,89,0,517,0,143,68,21,6,0,0,0,0,0,0,0,0,0,929,222,1040,818,45,41,53,46
GHCND:USW00023183,PHOENIX SKY HARBOR INTERNATIONAL AIRPORT AZ US,20100828,2,-9999,9,-9999,25,-9999,92,0,520,0,141,67,20,6,0,0,0,0,0,0,0,0,0,928,223,1039,816,45,41,53,47
GHCND:USW00023183,PHOENIX SKY HARBOR INTERNATIONAL AIRPORT AZ US,20100829,2,-9999,9,-9999,25,-9999,95,0,523,0,139,66,20,6,0,0,0,0,0,0,0,0,0,927,223,1038,815,46,42,53,47
GHCND:USW00023183,PHOENIX SKY HARBOR INTERNATIONAL AIRPORT AZ US,20100830,2,-9999,9,-9999,24,-9999,98,0,526,0,137,65,19,6,0,0,0,0,0,0,0,0,0,925,224,1037,813,46,42,53,47
GHCND:USW00023183,PHOENIX SKY HARBOR INTERNATIONAL AIRPORT AZ US,20100831,2,-9999,9,-9999,24,-9999,100,0,528,0,134,64,19,6,0,0,0,0,0,0,0,0,0,924,224,1036,812,46,42,53,47
GHCND:USW00023183,PHOENIX SKY HARBOR INTERNATIONAL AIRPORT AZ US,20100901,2,-9999,9,-9999,24,-9999,3,0,531,0,132,63,18,6,0,0,0,0,0,0,0,0,0,922,225,1035,810,46,42,54,48
GHCND:USW00023183,PHOENIX SKY HARBOR INTERNATIONAL AIRPORT AZ US,20100902,2,-9999,9,-9999,24,-9999,5,0,533,0,130,62,18,6,0,0,0,0,0,0,0,0,0,921,225,1033,808,46,42,54,48
GHCND:USW00023183,PHOENIX SKY HARBOR INTERNATIONAL AIRPORT AZ US,20100903,2,-9999,9,-9999,24,-9999,8,0,536,0,127,61,17,5,0,0,0,0,0,0,0,0,0,919,225,1032,806,46,42,54,48
GHCND:USW00023183,PHOENIX SKY HARBOR INTERNATIONAL AIRPORT AZ US,20100904,2,-9999,9,-9999,24,-9999,10,0,538,0,125,60,16,5,0,0,0,0,0,0,0,0,0,917,226,1030,804,47,43,54,48
GHCND:USW00023183,PHOENIX SKY HARBOR INTERNATIONAL AIRPORT AZ US,20100905,2,-9999,9,-9999,24,-9999,13,0,541,0,122,59,16,5,0,0,0,0,0,0,0,0,0,915,226,1028,802,47,43,54,48
GHCND:USW00023183,PHOENIX SKY HARBOR INTERNATIONAL AIRPORT AZ US,20100906,2,-9999,9,-9999,23,-9999,15,0,543,0,120,57,15,5,0,0,0,0,0,0,0,0,0,913,226,1026,800,47,43,55,49
GHCND:USW00023183,PHOENIX SKY HARBOR INTERNATIONAL AIRPORT AZ US,20100907,3,-9999,9,-9999,23,-9999,18,0,546,0,117,56,15,5,0,0,0,0,0,0,0,0,0,911,227,1024,798,47,43,55,49
GHCND:USW00023183,PHOENIX SKY HARBOR INTERNATIONAL AIRPORT AZ US,20100908,2,-9999,9,-9999,23,-9999,20,0,548,0,115,54,14,5,0,0,0,0,0,0,0,0,0,909,227,1022,795,48,43,55,49
GHCND:USW00023183,PHOENIX SKY HARBOR INTERNATIONAL AIRPORT AZ US,20100909,2,-9999,9,-9999,23,-9999,23,0,551,0,113,53,14,5,0,0,0,0,0,0,0,0,0,906,227,1020,793,48,43,55,49
GHCND:USW00023183,PHOENIX SKY HARBOR INTERNATIONAL AIRPORT AZ US,20100910,2,-9999,9,-9999,22,-9999,25,0,553,0,111,51,13,5,0,0,0,0,0,0,0,0,0,904,228,1017,790,48,44,56,50
GHCND:USW00023183,PHOENIX SKY HARBOR INTERNATIONAL AIRPORT AZ US,20100911,2,-9999,9,-9999,22,-9999,27,0,555,0,109,50,13,5,0,0,0,0,0,0,0,0,0,901,228,1015,787,48,44,56,50
GHCND:USW00023183,PHOENIX SKY HARBOR INTERNATIONAL AIRPORT AZ US,20100912,2,-9999,8,-9999,22,-9999,29,0,557,0,106,48,13,4,0,0,0,0,0,0,0,0,0,898,228,1012,784,49,44,57,50
GHCND:USW00023183,PHOENIX SKY HARBOR INTERNATIONAL AIRPORT AZ US,20100913,2,-9999,8,-9999,22,-9999,31,0,559,0,104,47,12,4,0,0,0,0,0,0,0,0,0,895,228,1009,781,49,44,57,50
GHCND:USW00023183,PHOENIX SKY HARBOR INTERNATIONAL AIRPORT AZ US,20100914,2,-9999,8,-9999,22,-9999,33,0,561,0,102,46,12,4,0,0,0,0,0,0,0,0,0,892,229,1006,778,49,45,57,50
GHCND:USW00023183,PHOENIX SKY HARBOR INTERNATIONAL AIRPORT AZ US,20100915,-666,-9999,-666,-9999,-666,-9999,35,0,563,0,100,45,12,4,0,0,0,0,0,0,0,0,0,889,229,1003,774,50,45,58,51
GHCND:USW00023183,PHOENIX SKY HARBOR INTERNATIONAL AIRPORT AZ US,20100916,-666,-9999,-666,-9999,-666,-9999,38,0,566,0,99,44,12,4,0,0,0,0,0,0,0,0,0,886,229,1000,771,50,45,58,51
GHCND:USW00023183,PHOENIX SKY HARBOR INTERNATIONAL AIRPORT AZ US,20100917,-666,-9999,-666,-9999,-666,-9999,39,0,567,0,97,44,12,4,0,0,0,0,0,0,0,0,0,882,229,997,767,50,45,59,51
GHCND:USW00023183,PHOENIX SKY HARBOR INTERNATIONAL AIRPORT AZ US,20100918,-666,-9999,-666,-9999,-666,-9999,41,0,569,0,96,43,12,4,0,0,0,0,0,0,0,0,0,879,230,994,764,50,45,59,51
GHCND:USW00023183,PHOENIX SKY HARBOR INTERNATIONAL AIRPORT AZ US,20100919,-666,-9999,-666,-9999,-666,-9999,43,0,571,0,95,43,12,4,0,0,0,0,0,0,0,0,0,875,230,990,760,51,46,60,51
GHCND:USW00023183,PHOENIX SKY HARBOR INTERNATIONAL AIRPORT AZ US,20100920,-666,-9999,-666,-9999,-666,-9999,45,0,573,0,93,42,12,4,0,0,0,0,0,0,0,0,0,871,230,987,756,51,46,60,52
GHCND:USW00023183,PHOENIX SKY HARBOR INTERNATIONAL AIRPORT AZ US,20100921,-666,-9999,-666,-9999,-666,-9999,47,0,575,0,92,41,12,4,0,0,0,0,0,0,0,0,0,868,230,983,752,51,46,61,52
GHCND:USW00023183,PHOENIX SKY HARBOR INTERNATIONAL AIRPORT AZ US,20100922,-666,-9999,-666,-9999,-666,-9999,49,0,577,0,91,41,12,4,0,0,0,0,0,0,0,0,0,864,231,979,749,52,47,61,52
GHCND:USW00023183,PHOENIX SKY HARBOR INTERNATIONAL AIRPORT AZ US,20100923,-666,-9999,-666,-9999,-666,-9999,51,0,579,0,90,40,12,4,0,0,0,0,0,0,0,0,0,860,231,976,745,52,47,62,53
GHCND:USW00023183,PHOENIX SKY HARBOR INTERNATIONAL AIRPORT AZ US,20100924,-666,-9999,-666,-9999,-666,-9999,53,0,581,0,88,39,12,4,0,0,0,0,0,0,0,0,0,856,231,972,740,53,47,62,53
GHCND:USW00023183,PHOENIX SKY HARBOR INTERNATIONAL AIRPORT AZ US,20100925,-666,-9999,-666,-9999,-666,-9999,54,0,582,0,87,39,12,4,0,0,0,0,0,0,0,0,0,852,232,968,736,53,48,63,53
GHCND:USW00023183,PHOENIX SKY HARBOR INTERNATIONAL AIRPORT AZ US,20100926,-666,-9999,-666,-9999,-666,-9999,56,0,584,0,86,38,12,4,0,0,0,0,0,0,0,0,0,848,232,964,732,54,48,64,53
GHCND:USW00023183,PHOENIX SKY HARBOR INTERNATIONAL AIRPORT AZ US,20100927,-666,-9999,-666,-9999,-666,-9999,58,0,586,0,85,38,12,4,0,0,0,0,0,0,0,0,0,844,232,960,728,54,48,64,54
GHCND:USW00023183,PHOENIX SKY HARBOR INTERNATIONAL AIRPORT AZ US,20100928,-666,-9999,-666,-9999,-666,-9999,60,0,588,0,84,38,12,4,0,0,0,0,0,0,0,0,0,840,232,956,724,54,48,65,54
GHCND:USW00023183,PHOENIX SKY HARBOR INTERNATIONAL AIRPORT AZ US,20100929,-666,-9999,-666,-9999,-666,-9999,62,0,590,0,83,37,12,4,0,0,0,0,0,0,0,0,0,836,233,952,719,55,49,65,54
GHCND:USW00023183,PHOENIX SKY HARBOR INTERNATIONAL AIRPORT AZ US,20100930,-666,-9999,-666,-9999,-666,-9999,64,0,592,0,82,37,12,4,0,0,0,0,0,0,0,0,0,832,233,948,715,55,49,66,54
GHCND:USW00023183,PHOENIX SKY HARBOR INTERNATIONAL AIRPORT AZ US,20101001,-666,-9999,-666,-9999,-666,-9999,2,0,594,0,82,37,12,4,0,0,0,0,0,0,0,0,0,827,233,944,711,56,49,67,54
GHCND:USW00023183,PHOENIX SKY HARBOR INTERNATIONAL AIRPORT AZ US,20101002,-666,-9999,-666,-9999,-666,-9999,4,0,596,0,81,37,12,4,0,0,0,0,0,0,0,0,0,823,234,940,706,56,50,67,55
GHCND:USW00023183,PHOENIX SKY HARBOR INTERNATIONAL AIRPORT AZ US,20101003,-666,-9999,-666,-9999,-666,-9999,6,0,598,0,81,37,12,4,0,0,0,0,0,0,0,0,0,819,234,936,702,56,50,68,55
GHCND:USW00023183,PHOENIX SKY HARBOR INTERNATIONAL AIRPORT AZ US,20101004,-666,-9999,-666,-9999,-666,-9999,8,0,600,0,80,37,12,4,0,0,0,0,0,0,0,0,0,815,234,932,698,57,50,68,55
GHCND:USW00023183,PHOENIX SKY HARBOR INTERNATIONAL AIRPORT AZ US,20101005,-666,-9999,-666,-9999,-666,-9999,10,0,602,0,80,37,12,4,0,0,0,0,0,0,0,0,0,811,235,928,693,57,50,69,55
GHCND:USW00023183,PHOENIX SKY HARBOR INTERNATIONAL AIRPORT AZ US,20101006,-666,-9999,-666,-9999,-666,-9999,12,0,604,0,79,38,12,4,0,0,0,0,0,0,0,0,0,807,235,924,689,57,51,69,55
GHCND:USW00023183,PHOENIX SKY HARBOR INTERNATIONAL AIRPORT AZ US,20101007,-666,-9999,-666,-9999,-666,-9999,14,0,606,0,79,38,12,4,0,0,0,0,0,0,0,0,0,803,235,920,685,58,51,70,55
GHCND:USW00023183,PHOENIX SKY HARBOR INTERNATIONAL AIRPORT AZ US,20101008,-666,-9999,-666,-9999,-666,-9999,16,0,608,0,78,38,12,4,0,0,0,0,0,0,0,0,0,798,236,916,681,58,51,70,56
GHCND:USW00023183,PHOENIX SKY HARBOR INTERNATIONAL AIRPORT AZ US,20101009,-666,-9999,-666,-9999,-666,-9999,18,0,610,0,78,38,12,4,0,0,0,0,0,0,0,0,0,794,236,912,676,58,51,71,56
GHCND:USW00023183,PHOENIX SKY HARBOR INTERNATIONAL AIRPORT AZ US,20101010,-666,-9999,-666,-9999,-666,-9999,19,0,611,0,78,39,12,4,0,0,0,0,0,0,0,0,0,790,236,908,672,59,52,71,56
GHCND:USW00023183,PHOENIX SKY HARBOR INTERNATIONAL AIRPORT AZ US,20101011,-666,-9999,-666,-9999,-666,-9999,21,0,613,0,77,39,12,4,0,0,0,0,0,0,0,0,0,786,237,905,668,59,52,71,56
GHCND:USW00023183,PHOENIX SKY HARBOR INTERNATIONAL AIRPORT AZ US,20101012,-666,-9999,-666,-9999,-666,-9999,23,0,615,0,77,39,12,4,0,0,0,0,0,0,0,0,0,782,237,901,664,59,52,71,57
GHCND:USW00023183,PHOENIX SKY HARBOR INTERNATIONAL AIRPORT AZ US,20101013,-666,-9999,-666,-9999,-666,-9999,25,0,617,0,77,39,11,4,0,0,0,0,0,0,0,0,0,778,237,897,659,59,52,72,57
GHCND:USW00023183,PHOENIX SKY HARBOR INTERNATIONAL AIRPORT AZ US,20101014,-666,-9999,-666,-9999,-666,-9999,27,0,619,0,77,39,11,4,0,0,0,0,0,0,0,0,0,774,238,893,655,59,52,72,57
GHCND:USW00023183,PHOENIX SKY HARBOR INTERNATIONAL AIRPORT AZ US,20101015,-666,-9999,-666,-9999,-666,-9999,29,0,621,0,76,40,11,4,0,0,0,0,0,0,0,0,0,770,238,889,651,60,52,72,57
GHCND:USW00023183,PHOENIX SKY HARBOR INTERNATIONAL AIRPORT AZ US,20101016,-666,-9999,-666,-9999,-666,-9999,30,0,622,0,76,40,11,4,0,0,0,0,0,0,0,0,0,766,238,885,647,60,53,73,57
GHCND:USW00023183,PHOENIX SKY HARBOR INTERNATIONAL AIRPORT AZ US,20101017,-666,-9999,-666,-9999,-666,-9999,32,0,624,0,76,40,11,4,0,0,0,0,0,0,0,0,0,762,238,881,643,60,53,73,57
GHCND:USW00023183,PHOENIX SKY HARBOR INTERNATIONAL AIRPORT AZ US,20101018,-666,-9999,-666,-9999,-666,-9999,34,0,626,0,76,40,11,4,0,0,0,0,0,0,0,0,0,758,238,877,639,60,53,73,58
GHCND:USW00023183,PHOENIX SKY HARBOR INTERNATIONAL AIRPORT AZ US,20101019,-666,-9999,-666,-9999,-666,-9999,36,0,628,0,75,40,11,4,0,0,0,0,0,0,0,0,0,754,238,873,635,60,53,73,58
GHCND:USW00023183,PHOENIX SKY HARBOR INTERNATIONAL AIRPORT AZ US,20101020,-666,-9999,-666,-9999,-666,-9999,38,0,630,0,75,41,11,4,0,0,0,0,0,0,0,0,0,750,239,870,631,61,53,74,58
GHCND:USW00023183,PHOENIX SKY HARBOR INTERNATIONAL AIRPORT AZ US,20101021,-666,-9999,-666,-9999,-666,-9999,40,0,632,0,75,41,11,4,0,0,0,0,0,0,0,0,0,746,239,866,627,61,53,74,58
GHCND:USW00023183,PHOENIX SKY HARBOR INTERNATIONAL AIRPORT AZ US,20101022,-666,-9999,-666,-9999,-666,-9999,42,0,634,0,75,41,11,4,0,0,0,0,0,0,0,0,0,742,239,862,623,61,53,74,58
GHCND:USW00023183,PHOENIX SKY HARBOR INTERNATIONAL AIRPORT AZ US,20101023,-666,-9999,-666,-9999,-666,-9999,43,0,635,0,75,41,11,4,0,0,0,0,0,0,0,0,0,738,239,858,619,61,53,74,58
GHCND:USW00023183,PHOENIX SKY HARBOR INTERNATIONAL AIRPORT AZ US,20101024,-666,-9999,-666,-9999,-666,-9999,45,0,637,0,75,41,12,4,0,0,0,0,0,0,0,0,0,735,239,854,615,61,54,74,58
GHCND:USW00023183,PHOENIX SKY HARBOR INTERNATIONAL AIRPORT AZ US,20101025,-666,-9999,-666,-9999,-666,-9999,47,0,639,0,75,42,12,4,0,0,0,0,0,0,0,0,0,731,238,850,611,61,54,74,58
GHCND:USW00023183,PHOENIX SKY HARBOR INTERNATIONAL AIRPORT AZ US,20101026,-666,-9999,-666,-9999,-666,-9999,49,0,641,0,75,42,12,4,0,0,0,0,0,0,0,0,0,727,238,846,607,61,54,74,58
GHCND:USW00023183,PHOENIX SKY HARBOR INTERNATIONAL AIRPORT AZ US,20101027,-666,-9999,-666,-9999,-666,-9999,51,0,643,0,75,42,12,4,0,0,0,0,0,0,0,0,0,723,238,842,604,61,55,74,58
GHCND:USW00023183,PHOENIX SKY HARBOR INTERNATIONAL AIRPORT AZ US,20101028,-666,-9999,-666,-9999,-666,-9999,52,0,644,0,75,42,12,3,0,0,0,0,0,0,0,0,0,719,238,838,600,61,55,75,58
GHCND:USW00023183,PHOENIX SKY HARBOR INTERNATIONAL AIRPORT AZ US,20101029,-666,-9999,-666,-9999,-666,-9999,54,0,646,0,75,42,12,3,0,0,0,0,0,0,0,0,0,715,238,834,596,61,55,75,58
GHCND:USW00023183,PHOENIX SKY HARBOR INTERNATIONAL AIRPORT AZ US,20101030,-666,-9999,-666,-9999,-666,-9999,56,0,648,0,75,42,12,3,0,0,0,0,0,0,0,0,0,711,238,829,592,61,55,75,58
GHCND:USW00023183,PHOENIX SKY HARBOR INTERNATIONAL AIRPORT AZ US,20101031,-666,-9999,-666,-9999,-666,-9999,58,0,650,0,75,42,12,3,0,0,0,0,0,0,0,0,0,707,237,825,588,61,55,75,58
GHCND:USW00023183,PHOENIX SKY HARBOR INTERNATIONAL AIRPORT AZ US,20101101,-666,-9999,-666,-9999,-666,-9999,2,0,652,0,75,42,12,3,0,0,0,0,0,0,0,0,0,702,237,821,584,61,56,75,57
GHCND:USW00023183,PHOENIX SKY HARBOR INTERNATIONAL AIRPORT AZ US,20101102,-666,-9999,-666,-9999,-666,-9999,4,0,654,0,75,42,12,3,0,0,0,0,0,0,0,0,0,698,237,817,580,61,56,75,57
GHCND:USW00023183,PHOENIX SKY HARBOR INTERNATIONAL AIRPORT AZ US,20101103,-666,-9999,-666,-9999,-666,-9999,6,0,656,0,76,43,12,3,0,0,0,0,0,0,0,0,0,694,236,812,576,61,56,75,57
GHCND:USW00023183,PHOENIX SKY HARBOR INTERNATIONAL AIRPORT AZ US,20101104,-666,-9999,-666,-9999,-666,-9999,8,0,658,0,76,43,12,3,0,0,0,0,0,0,0,0,0,690,236,808,572,61,56,75,57
GHCND:USW00023183,PHOENIX SKY HARBOR INTERNATIONAL AIRPORT AZ US,20101105,-666,-9999,-666,-9999,-666,-9999,10,0,660,0,77,43,13,3,0,0,0,0,0,0,0,0,0,686,235,803,568,61,56,75,57
GHCND:USW00023183,PHOENIX SKY HARBOR INTERNATIONAL AIRPORT AZ US,20101106,-666,-9999,-666,-9999,-666,-9999,12,0,662,0,78,44,13,3,0,0,0,0,0,0,0,0,0,682,235,799,564,60,56,75,57
GHCND:USW00023183,PHOENIX SKY HARBOR INTERNATIONAL AIRPORT AZ US,20101107,-666,-9999,-666,-9999,-666,-9999,14,0,664,0,79,44,13,3,0,0,0,0,0,0,0,0,0,677,234,794,560,60,57,75,57
GHCND:USW00023183,PHOENIX SKY HARBOR INTERNATIONAL AIRPORT AZ US,20101108,-666,-9999,-666,-9999,-666,-9999,16,0,666,0,80,45,13,3,0,0,0,0,0,0,0,0,0,673,234,790,556,60,57,75,57
GHCND:USW00023183,PHOENIX SKY HARBOR INTERNATIONAL AIRPORT AZ US,20101109,-666,-9999,-666,-9999,-666,-9999,18,0,668,0,81,45,14,3,0,0,0,0,0,0,0,0,0,669,233,785,552,60,57,75,57
GHCND:USW00023183,PHOENIX SKY HARBOR INTERNATIONAL AIRPORT AZ US,20101110,-666,-9999,-666,-9999,-666,-9999,20,0,670,0,83,46,14,3,0,0,0,0,0,0,0,0,0,664,232,780,548,60,57,75,57
GHCND:USW00023183,PHOENIX SKY HARBOR INTERNATIONAL AIRPORT AZ US,20101111,-666,-9999,-666,-9999,-666,-9999,21,0,671,0,84,47,14,3,0,0,0,0,0,0,0,0,0,660,232,776,544,60,57,74,57
GHCND:USW00023183,PHOENIX SKY HARBOR INTERNATIONAL AIRPORT AZ US,20101112,-666,-9999,-666,-9999,-666,-9999,23,0,673,0,85,48,15,3,0,0,0,0,0,0,0,0,0,656,231,771,540,59,57,74,57
GHCND:USW00023183,PHOENIX SKY HARBOR INTERNATIONAL AIRPORT AZ US,20101113,-666,-9999,-666,-9999,-666,-9999,25,0,675,0,87,49,15,3,0,0,0,0,0,0,0,0,0,651,230,766,536,59,57,74,56
GHCND:USW00023183,PHOENIX SKY HARBOR INTERNATIONAL AIRPORT AZ US,20101114,-666,-9999,-666,-9999,-666,-9999,27,0,677,0,88,50,15,3,0,0,0,0,0,0,0,0,0,647,230,762,532,59,57,73,56
GHCND:USW00023183,PHOENIX SKY HARBOR INTERNATIONAL AIRPORT AZ US,20101115,-666,-9999,-666,-9999,-666,-9999,29,0,679,0,89,51,15,3,0,0,0,0,0,0,0,0,0,643,229,757,528,59,57,73,56
GHCND:USW00023183,PHOENIX SKY HARBOR INTERNATIONAL AIRPORT AZ US,20101116,-666,-9999,-666,-9999,-666,-9999,31,0,681,0,90,52,16,3,0,0,0,0,0,0,0,0,0,638,228,752,524,58,58,73,56
GHCND:USW00023183,PHOENIX SKY HARBOR INTERNATIONAL AIRPORT AZ US,20101117,-666,-9999,-666,-9999,-666,-9999,32,0,682,0,91,53,16,3,0,0,0,0,0,0,0,0,0,634,227,747,520,58,58,72,56
GHCND:USW00023183,PHOENIX SKY HARBOR INTERNATIONAL AIRPORT AZ US,20101118,-666,-9999,-666,-9999,-666,-9999,34,0,684,0,93,53,16,3,0,0,0,0,0,0,0,0,0,629,227,743,516,57,58,72,56
GHCND:USW00023183,PHOENIX SKY HARBOR INTERNATIONAL AIRPORT AZ US,20101119,-666,-9999,-666,-9999,-666,-9999,36,0,686,0,94,54,16,3,0,0,0,0,0,0,0,0,0,625,226,738,512,57,58,72,55
GHCND:USW00023183,PHOENIX SKY HARBOR INTERNATIONAL AIRPORT AZ US,20101120,-666,-666,-666,-666,-666,-666,39,0,689,0,96,55,16,3,0,0,0,0,-9999,0,0,0,0,621,225,733,508,57,58,71,55
GHCND:USW00023183,PHOENIX SKY HARBOR INTERNATIONAL AIRPORT AZ US,20101121,4,-666,15,-666,36,-666,41,0,691,0,97,56,16,3,0,0,0,0,-9999,0,0,0,0,617,224,729,505,56,59,71,55
GHCND:USW00023183,PHOENIX SKY HARBOR INTERNATIONAL AIRPORT AZ US,20101122,4,-666,15,-666,36,-666,43,0,693,0,98,57,16,3,0,0,0,0,-9999,0,0,0,0,613,223,724,501,56,59,71,55
GHCND:USW00023183,PHOENIX SKY HARBOR INTERNATIONAL AIRPORT AZ US,20101123,4,-666,15,-666,36,-666,46,0,696,0,100,58,16,3,0,0,0,0,-9999,0,0,0,0,609,223,720,497,56,59,71,55
GHCND:USW00023183,PHOENIX SKY HARBOR INTERNATIONAL AIRPORT AZ US,20101124,4,-666,15,-666,36,-666,49,0,699,0,102,59,16,3,0,0,0,0,-9999,0,0,0,0,605,222,715,494,56,59,70,54
GHCND:USW00023183,PHOENIX SKY HARBOR INTERNATIONAL AIRPORT AZ US,20101125,4,-666,15,-666,36,-666,52,0,702,0,104,60,17,3,0,0,0,0,-9999,0,0,0,0,601,221,711,490,55,59,70,54
GHCND:USW00023183,PHOENIX SKY HARBOR INTERNATIONAL AIRPORT AZ US,20101126,4,-666,15,-666,36,-666,54,0,704,0,106,62,17,3,0,0,0,0,-9999,0,0,0,0,597,220,707,487,55,59,70,54
GHCND:USW00023183,PHOENIX SKY HARBOR INTERNATIONAL AIRPORT AZ US,20101127,4,-666,15,-666,36,-666,57,0,707,0,107,63,17,3,0,0,0,0,-9999,0,0,0,0,593,220,703,483,55,59,69,54
GHCND:USW00023183,PHOENIX SKY HARBOR INTERNATIONAL AIRPORT AZ US,20101128,4,-666,15,-666,35,-666,60,0,710,0,109,64,17,3,0,0,0,0,-9999,0,0,0,0,589,219,699,480,54,59,69,54
GHCND:USW00023183,PHOENIX SKY HARBOR INTERNATIONAL AIRPORT AZ US,20101129,4,-666,15,-666,35,-666,63,0,713,0,111,65,18,3,0,0,0,0,-9999,0,0,0,0,586,218,695,477,54,59,69,53
GHCND:USW00023183,PHOENIX SKY HARBOR INTERNATIONAL AIRPORT AZ US,20101130,4,-666,15,-666,35,-666,65,0,715,0,112,66,18,3,0,0,0,0,-9999,0,0,0,0,582,218,691,474,53,59,68,53
GHCND:USW00023183,PHOENIX SKY HARBOR INTERNATIONAL AIRPORT AZ US,20101201,4,-666,15,-666,35,-666,3,0,718,0,114,67,18,3,0,0,0,0,2,0,0,0,0,579,217,688,471,53,59,68,53
GHCND:USW00023183,PHOENIX SKY HARBOR INTERNATIONAL AIRPORT AZ US,20101202,4,-666,15,-666,35,-666,5,0,720,0,115,68,19,3,0,0,0,0,2,0,0,0,0,576,216,684,468,53,59,68,53
GHCND:USW00023183,PHOENIX SKY HARBOR INTERNATIONAL AIRPORT AZ US,20101203,4,-666,15,-666,35,-666,8,0,723,0,116,69,19,3,0,0,0,0,3,0,0,0,0,573,216,681,465,53,59,67,53
GHCND:USW00023183,PHOENIX SKY HARBOR INTERNATIONAL AIRPORT AZ US,20101204,4,-666,15,-666,35,-666,11,0,726,0,117,69,19,3,0,0,0,0,3,0,0,0,0,570,215,678,463,52,59,67,53
GHCND:USW00023183,PHOENIX SKY HARBOR INTERNATIONAL AIRPORT AZ US,20101205,3,-666,15,-666,34,-666,14,0,729,0,118,70,19,3,0,0,0,0,3,0,0,0,0,567,215,675,460,52,59,67,52
GHCND:USW00023183,PHOENIX SKY HARBOR INTERNATIONAL AIRPORT AZ US,20101206,3,-666,15,-666,34,-666,17,0,732,0,119,70,19,3,0,0,0,0,3,0,0,0,0,565,214,672,458,52,59,66,52
GHCND:USW00023183,PHOENIX SKY HARBOR INTERNATIONAL AIRPORT AZ US,20101207,3,-666,15,-666,34,-666,19,0,734,0,119,70,19,3,0,0,0,0,3,0,0,0,0,563,214,669,456,52,60,66,52
GHCND:USW00023183,PHOENIX SKY HARBOR INTERNATIONAL AIRPORT AZ US,20101208,3,-666,15,-666,34,-666,22,0,737,0,120,71,19,3,0,0,0,0,4,0,0,0,0,560,213,667,454,51,60,66,52
GHCND:USW00023183,PHOENIX SKY HARBOR INTERNATIONAL AIRPORT AZ US,20101209,3,-666,14,-666,33,-666,25,0,740,0,121,71,19,3,0,0,0,0,4,0,0,0,0,558,213,665,452,51,60,66,52
GHCND:USW00023183,PHOENIX SKY HARBOR INTERNATIONAL AIRPORT AZ US,20101210,3,-666,14,-666,33,-666,28,0,743,0,122,71,19,3,0,0,0,0,4,0,0,0,0,556,212,662,450,51,60,65,52
GHCND:USW00023183,PHOENIX SKY HARBOR INTERNATIONAL AIRPORT AZ US,20101211,3,-666,14,-666,33,-666,31,0,746,0,122,71,19,3,0,0,0,0,4,0,0,0,0,555,212,660,449,51,60,65,52
GHCND:USW00023183,PHOENIX SKY HARBOR INTERNATIONAL AIRPORT AZ US,20101212,3,-666,14,-666,32,-666,34,0,749,0,123,70,19,3,0,0,0,0,4,0,0,0,0,553,212,659,447,51,60,65,52
GHCND:USW00023183,PHOENIX SKY HARBOR INTERNATIONAL AIRPORT AZ US,20101213,3,-666,14,-666,32,-666,37,0,752,0,123,70,18,3,0,0,0,0,4,0,0,0,0,551,211,657,446,51,60,65,52
GHCND:USW00023183,PHOENIX SKY HARBOR INTERNATIONAL AIRPORT AZ US,20101214,3,-666,13,-666,32,-666,40,0,755,0,124,70,18,3,0,0,0,0,4,0,0,0,0,550,211,656,445,51,60,65,52
GHCND:USW00023183,PHOENIX SKY HARBOR INTERNATIONAL AIRPORT AZ US,20101215,3,-666,13,-666,32,-666,43,0,758,0,125,71,18,3,0,0,0,0,4,0,0,0,0,549,211,655,444,51,60,65,53
GHCND:USW00023183,PHOENIX SKY HARBOR INTERNATIONAL AIRPORT AZ US,20101216,3,-666,13,-666,32,-666,46,0,761,0,126,71,18,3,0,0,0,0,4,0,0,0,0,548,211,654,443,51,60,65,53
GHCND:USW00023183,PHOENIX SKY HARBOR INTERNATIONAL AIRPORT AZ US,20101217,3,-666,13,-666,32,-666,49,0,764,0,127,71,19,3,0,0,0,0,5,0,0,0,0,547,211,653,442,51,60,65,53
GHCND:USW00023183,PHOENIX SKY HARBOR INTERNATIONAL AIRPORT AZ US,20101218,3,-666,13,-666,31,-666,52,0,767,0,128,72,19,3,0,0,0,0,5,0,0,0,0,547,210,652,441,51,60,65,53
GHCND:USW00023183,PHOENIX SKY HARBOR INTERNATIONAL AIRPORT AZ US,20101219,3,-666,13,-666,31,-666,55,0,770,0,128,72,18,3,0,0,0,0,5,0,0,0,0,546,210,651,441,51,60,64,53
GHCND:USW00023183,PHOENIX SKY HARBOR INTERNATIONAL AIRPORT AZ US,20101220,3,-666,13,-666,31,-666,57,0,772,0,129,72,18,3,0,0,0,0,5,0,0,0,0,546,210,651,441,51,60,64,53
GHCND:USW00023183,PHOENIX SKY HARBOR INTERNATIONAL AIRPORT AZ US,20101221,3,-666,13,-666,31,-666,60,0,775,0,130,72,18,3,0,0,0,0,5,0,0,0,0,546,210,651,440,51,60,64,53
GHCND:USW00023183,PHOENIX SKY HARBOR INTERNATIONAL AIRPORT AZ US,20101222,3,-666,13,-666,30,-666,63,0,778,0,130,72,18,3,0,0,0,0,5,0,0,0,0,545,210,651,440,50,60,64,53
GHCND:USW00023183,PHOENIX SKY HARBOR INTERNATIONAL AIRPORT AZ US,20101223,3,-666,12,-666,30,-666,65,0,780,0,131,72,18,3,0,0,0,0,5,0,0,0,0,546,210,651,440,50,60,64,53
GHCND:USW00023183,PHOENIX SKY HARBOR INTERNATIONAL AIRPORT AZ US,20101224,3,-666,12,-666,30,-666,68,0,783,0,131,72,18,3,0,0,0,0,4,0,0,0,0,546,210,651,440,50,61,64,53
GHCND:USW00023183,PHOENIX SKY HARBOR INTERNATIONAL AIRPORT AZ US,20101225,3,-666,12,-666,30,-666,71,0,786,0,131,73,18,3,0,0,0,0,4,0,0,0,0,546,210,651,441,50,61,64,53
GHCND:USW00023183,PHOENIX SKY HARBOR INTERNATIONAL AIRPORT AZ US,20101226,3,-666,12,-666,30,-666,73,0,788,0,131,73,18,3,0,0,0,0,4,0,0,0,0,546,211,652,441,50,61,64,54
GHCND:USW00023183,PHOENIX SKY HARBOR INTERNATIONAL AIRPORT AZ US,20101227,3,-666,12,-666,30,-666,76,0,791,0,131,73,18,3,0,0,0,0,4,0,0,0,0,547,211,652,441,50,61,64,54
GHCND:USW00023183,PHOENIX SKY HARBOR INTERNATIONAL AIRPORT AZ US,20101228,3,-666,12,-666,30,-666,79,0,794,0,132,73,18,3,0,0,0,0,4,0,0,0,0,547,211,653,442,50,61,64,54
GHCND:USW00023183,PHOENIX SKY HARBOR INTERNATIONAL AIRPORT AZ US,20101229,3,-666,12,-666,30,-666,82,0,797,0,132,73,18,3,0,0,0,0,3,0,0,0,0,548,211,653,442,51,61,64,54
GHCND:USW00023183,PHOENIX SKY HARBOR INTERNATIONAL AIRPORT AZ US,20101230,3,-666,12,-666,31,-666,85,0,800,0,132,73,18,3,0,0,0,0,3,0,0,0,0,548,211,654,443,51,62,64,54
GHCND:USW00023183,PHOENIX SKY HARBOR INTERNATIONAL AIRPORT AZ US,20101231,3,-666,12,-666,31,-666,88,0,803,0,132,74,18,3,0,0,0,0,3,0,0,0,0,549,212,655,443,51,62,64,54
