STATION,STATION_NAME,DATE,MTD-PRCP-NORMAL,YTD-PRCP-NORMAL,*,*,*,*,*,*,*,*,*,*,*,*,*,*,*,*,*,*,*,*,*,*,*,*,DLY-TAVG-NORMAL,DLY-DUTR-NORMAL,DLY-TMAX-NORMAL,DLY-TMIN-NORMAL,DLY-TAVG-STDDEV,DLY-DUTR-STDDEV,DLY-TMAX-STDDEV,DLY-TMIN-STDDEV
GHCND:USW00012970,SAN ANTONIO STINSON MUNICIPAL AIRPORT TX US,20100101,5,5,0,0,0,0,0,0,0,0,0,0,0,0,0,0,0,0,0,0,0,0,0,0,0,0,515,225,627,402,87,99,104,96
GHCND:USW00012970,SAN ANTONIO STINSON MUNICIPAL AIRPORT TX US,20100102,11,11,0,0,0,0,0,0,0,0,0,0,0,0,0,0,0,0,0,0,0,0,0,0,0,0,515,225,627,403,87,99,104,96
GHCND:USW00012970,SAN ANTONIO STINSON MUNICIPAL AIRPORT TX US,20100103,17,17,0,0,0,0,0,0,0,0,0,0,0,0,0,0,0,0,0,0,0,0,0,0,0,0,515,224,627,403,87,99,104,96
GHCND:USW00012970,SAN ANTONIO STINSON MUNICIPAL AIRPORT TX US,20100104,23,23,0,0,0,0,0,0,0,0,0,0,0,0,0,0,0,0,0,0,0,0,0,0,0,0,515,224,627,403,87,99,105,96
GHCND:USW00012970,SAN ANTONIO STINSON MUNICIPAL AIRPORT TX US,20100105,29,29,0,0,0,0,0,0,0,0,0,0,0,0,0,0,0,0,0,0,0,0,0,0,0,0,516,223,627,404,87,100,105,95
GHCND:USW00012970,SAN ANTONIO STINSON MUNICIPAL AIRPORT TX US,20100106,35,35,0,0,0,0,0,0,0,0,0,0,0,0,0,0,0,0,0,0,0,0,0,0,0,0,516,223,628,404,87,100,106,95
GHCND:USW00012970,SAN ANTONIO STINSON MUNICIPAL AIRPORT TX US,20100107,40,40,0,0,0,0,0,0,0,0,0,0,0,0,0,0,0,0,0,0,0,0,0,0,0,0,516,223,628,405,87,100,106,95
GHCND:USW00012970,SAN ANTONIO STINSON MUNICIPAL AIRPORT TX US,20100108,45,45,0,0,0,0,0,0,0,0,0,0,0,0,0,0,0,0,0,0,0,0,0,0,0,0,517,222,628,406,87,101,107,94
GHCND:USW00012970,SAN ANTONIO STINSON MUNICIPAL AIRPORT TX US,20100109,50,50,0,0,0,0,0,0,0,0,0,0,0,0,0,0,0,0,0,0,0,0,0,0,0,0,517,222,628,406,87,101,107,94
GHCND:USW00012970,SAN ANTONIO STINSON MUNICIPAL AIRPORT TX US,20100110,55,55,0,0,0,0,0,0,0,0,0,0,0,0,0,0,0,0,0,0,0,0,0,0,0,0,518,222,629,407,87,101,107,94
GHCND:USW00012970,SAN ANTONIO STINSON MUNICIPAL AIRPORT TX US,20100111,61,61,0,0,0,0,0,0,0,0,0,0,0,0,0,0,0,0,0,0,0,0,0,0,0,0,518,221,629,408,87,101,107,93
GHCND:USW00012970,SAN ANTONIO STINSON MUNICIPAL AIRPORT TX US,20100112,66,66,0,0,0,0,0,0,0,0,0,0,0,0,0,0,0,0,0,0,0,0,0,0,0,0,519,221,629,408,86,101,107,93
GHCND:USW00012970,SAN ANTONIO STINSON MUNICIPAL AIRPORT TX US,20100113,72,72,0,0,0,0,0,0,0,0,0,0,0,0,0,0,0,0,0,0,0,0,0,0,0,0,520,221,630,409,86,101,107,92
GHCND:USW00012970,SAN ANTONIO STINSON MUNICIPAL AIRPORT TX US,20100114,78,78,0,0,0,0,0,0,0,0,0,0,0,0,0,0,0,0,0,0,0,0,0,0,0,0,520,220,631,410,85,101,107,91
GHCND:USW00012970,SAN ANTONIO STINSON MUNICIPAL AIRPORT TX US,20100115,83,83,0,0,0,0,0,0,0,0,0,0,0,0,0,0,0,0,0,0,0,0,0,0,0,0,521,220,631,411,85,102,107,91
GHCND:USW00012970,SAN ANTONIO STINSON MUNICIPAL AIRPORT TX US,20100116,89,89,0,0,0,0,0,0,0,0,0,0,0,0,0,0,0,0,0,0,0,0,0,0,0,0,522,220,632,412,85,102,107,90
GHCND:USW00012970,SAN ANTONIO STINSON MUNICIPAL AIRPORT TX US,20100117,95,95,0,0,0,0,0,0,0,0,0,0,0,0,0,0,0,0,0,0,0,0,0,0,0,0,523,220,633,413,84,102,107,89
GHCND:USW00012970,SAN ANTONIO STINSON MUNICIPAL AIRPORT TX US,20100118,100,100,0,0,0,0,0,0,0,0,0,0,0,0,0,0,0,0,0,0,0,0,0,0,0,0,524,220,633,414,84,102,106,89
GHCND:USW00012970,SAN ANTONIO STINSON MUNICIPAL AIRPORT TX US,20100119,106,106,0,0,0,0,0,0,0,0,0,0,0,0,0,0,0,0,0,0,0,0,0,0,0,0,524,220,634,415,83,102,106,88
GHCND:USW00012970,SAN ANTONIO STINSON MUNICIPAL AIRPORT TX US,20100120,112,112,0,0,0,0,0,0,0,0,0,0,0,0,0,0,0,0,0,0,0,0,0,0,0,0,525,220,635,416,83,102,106,88
GHCND:USW00012970,SAN ANTONIO STINSON MUNICIPAL AIRPORT TX US,20100121,118,118,0,0,0,0,0,0,0,0,0,0,0,0,0,0,0,0,0,0,0,0,0,0,0,0,526,219,636,417,83,102,106,88
GHCND:USW00012970,SAN ANTONIO STINSON MUNICIPAL AIRPORT TX US,20100122,124,124,0,0,0,0,0,0,0,0,0,0,0,0,0,0,0,0,0,0,0,0,0,0,0,0,527,219,637,418,83,102,106,87
GHCND:USW00012970,SAN ANTONIO STINSON MUNICIPAL AIRPORT TX US,20100123,130,130,0,0,0,0,0,0,0,0,0,0,0,0,0,0,0,0,0,0,0,0,0,0,0,0,528,219,638,419,82,102,106,87
GHCND:USW00012970,SAN ANTONIO STINSON MUNICIPAL AIRPORT TX US,20100124,136,136,0,0,0,0,0,0,0,0,0,0,0,0,0,0,0,0,0,0,0,0,0,0,0,0,530,219,639,420,82,102,106,86
GHCND:USW00012970,SAN ANTONIO STINSON MUNICIPAL AIRPORT TX US,20100125,142,142,0,0,0,0,0,0,0,0,0,0,0,0,0,0,0,0,0,0,0,0,0,0,0,0,531,219,640,421,82,102,106,86
GHCND:USW00012970,SAN ANTONIO STINSON MUNICIPAL AIRPORT TX US,20100126,148,148,0,0,0,0,0,0,0,0,0,0,0,0,0,0,0,0,0,0,0,0,0,0,0,0,532,219,642,422,82,102,106,87
GHCND:USW00012970,SAN ANTONIO STINSON MUNICIPAL AIRPORT TX US,20100127,154,154,0,0,0,0,0,0,0,0,0,0,0,0,0,0,0,0,0,0,0,0,0,0,0,0,533,220,643,423,83,102,106,87
GHCND:USW00012970,SAN ANTONIO STINSON MUNICIPAL AIRPORT TX US,20100128,160,160,0,0,0,0,0,0,0,0,0,0,0,0,0,0,0,0,0,0,0,0,0,0,0,0,534,220,644,424,83,102,106,88
GHCND:USW00012970,SAN ANTONIO STINSON MUNICIPAL AIRPORT TX US,20100129,165,165,0,0,0,0,0,0,0,0,0,0,0,0,0,0,0,0,0,0,0,0,0,0,0,0,536,220,645,426,83,102,106,88
GHCND:USW00012970,SAN ANTONIO STINSON MUNICIPAL AIRPORT TX US,20100130,169,169,0,0,0,0,0,0,0,0,0,0,0,0,0,0,0,0,0,0,0,0,0,0,0,0,537,220,647,427,83,102,106,89
GHCND:USW00012970,SAN ANTONIO STINSON MUNICIPAL AIRPORT TX US,20100131,173,173,0,0,0,0,0,0,0,0,0,0,0,0,0,0,0,0,0,0,0,0,0,0,0,0,538,220,648,428,84,102,106,89
GHCND:USW00012970,SAN ANTONIO STINSON MUNICIPAL AIRPORT TX US,20100201,6,179,0,0,0,0,0,0,0,0,0,0,0,0,0,0,0,0,0,0,0,0,0,0,0,0,540,220,650,430,84,102,106,90
GHCND:USW00012970,SAN ANTONIO STINSON MUNICIPAL AIRPORT TX US,20100202,12,185,0,0,0,0,0,0,0,0,0,0,0,0,0,0,0,0,0,0,0,0,0,0,0,0,541,220,651,431,84,102,106,90
GHCND:USW00012970,SAN ANTONIO STINSON MUNICIPAL AIRPORT TX US,20100203,18,191,0,0,0,0,0,0,0,0,0,0,0,0,0,0,0,0,0,0,0,0,0,0,0,0,543,220,653,432,85,102,105,91
GHCND:USW00012970,SAN ANTONIO STINSON MUNICIPAL AIRPORT TX US,20100204,24,197,0,0,0,0,0,0,0,0,0,0,0,0,0,0,0,0,0,0,0,0,0,0,0,0,544,220,654,434,85,102,105,92
GHCND:USW00012970,SAN ANTONIO STINSON MUNICIPAL AIRPORT TX US,20100205,30,203,0,0,0,0,0,0,0,0,0,0,0,0,0,0,0,0,0,0,0,0,0,0,0,0,546,221,656,435,85,102,105,93
GHCND:USW00012970,SAN ANTONIO STINSON MUNICIPAL AIRPORT TX US,20100206,36,209,0,0,0,0,0,0,0,0,0,0,0,0,0,0,0,0,0,0,0,0,0,0,0,0,547,221,658,437,86,101,105,94
GHCND:USW00012970,SAN ANTONIO STINSON MUNICIPAL AIRPORT TX US,20100207,43,216,0,0,0,0,0,0,0,0,0,0,0,0,0,0,0,0,0,0,0,0,0,0,0,0,549,221,659,439,86,101,105,94
GHCND:USW00012970,SAN ANTONIO STINSON MUNICIPAL AIRPORT TX US,20100208,48,221,0,0,0,0,0,0,0,0,0,0,0,0,0,0,0,0,0,0,0,0,0,0,0,0,551,221,661,440,86,101,105,95
GHCND:USW00012970,SAN ANTONIO STINSON MUNICIPAL AIRPORT TX US,20100209,54,227,0,0,0,0,0,0,0,0,0,0,0,0,0,0,0,0,0,0,0,0,0,0,0,0,552,221,663,442,87,101,105,96
GHCND:USW00012970,SAN ANTONIO STINSON MUNICIPAL AIRPORT TX US,20100210,61,234,0,0,0,0,0,0,0,0,0,0,0,0,0,0,0,0,0,0,0,0,0,0,0,0,554,221,665,444,87,101,105,97
GHCND:USW00012970,SAN ANTONIO STINSON MUNICIPAL AIRPORT TX US,20100211,67,240,0,0,0,0,0,0,0,0,0,0,0,0,0,0,0,0,0,0,0,0,0,0,0,0,556,221,666,445,88,101,105,97
GHCND:USW00012970,SAN ANTONIO STINSON MUNICIPAL AIRPORT TX US,20100212,73,246,0,0,0,0,0,0,0,0,0,0,0,0,0,0,0,0,0,0,0,0,0,0,0,0,558,221,668,447,88,101,105,98
GHCND:USW00012970,SAN ANTONIO STINSON MUNICIPAL AIRPORT TX US,20100213,79,252,0,0,0,0,0,0,0,0,0,0,0,0,0,0,0,0,0,0,0,0,0,0,0,0,560,221,670,449,88,101,105,99
GHCND:USW00012970,SAN ANTONIO STINSON MUNICIPAL AIRPORT TX US,20100214,85,258,0,0,0,0,0,0,0,0,0,0,0,0,0,0,0,0,0,0,0,0,0,0,0,0,561,221,672,451,89,100,105,99
GHCND:USW00012970,SAN ANTONIO STINSON MUNICIPAL AIRPORT TX US,20100215,91,264,0,0,0,0,0,0,0,0,0,0,0,0,0,0,0,0,0,0,0,0,0,0,0,0,563,221,674,453,89,100,105,100
GHCND:USW00012970,SAN ANTONIO STINSON MUNICIPAL AIRPORT TX US,20100216,97,270,0,0,0,0,0,0,0,0,0,0,0,0,0,0,0,0,0,0,0,0,0,0,0,0,565,221,676,455,90,100,105,101
GHCND:USW00012970,SAN ANTONIO STINSON MUNICIPAL AIRPORT TX US,20100217,104,277,0,0,0,0,0,0,0,0,0,0,0,0,0,0,0,0,0,0,0,0,0,0,0,0,567,221,678,457,90,100,105,101
GHCND:USW00012970,SAN ANTONIO STINSON MUNICIPAL AIRPORT TX US,20100218,110,283,0,0,0,0,0,0,0,0,0,0,0,0,0,0,0,0,0,0,0,0,0,0,0,0,569,221,680,459,90,99,104,102
GHCND:USW00012970,SAN ANTONIO STINSON MUNICIPAL AIRPORT TX US,20100219,117,290,0,0,0,0,0,0,0,0,0,0,0,0,0,0,0,0,0,0,0,0,0,0,0,0,571,221,682,461,90,99,104,102
GHCND:USW00012970,SAN ANTONIO STINSON MUNICIPAL AIRPORT TX US,20100220,123,296,0,0,0,0,0,0,0,0,0,0,0,0,0,0,0,0,0,0,0,0,0,0,0,0,574,221,684,463,90,99,103,102
GHCND:USW00012970,SAN ANTONIO STINSON MUNICIPAL AIRPORT TX US,20100221,129,302,0,0,0,0,0,0,0,0,0,0,0,0,0,0,0,0,0,0,0,0,0,0,0,0,576,221,686,465,90,98,103,102
GHCND:USW00012970,SAN ANTONIO STINSON MUNICIPAL AIRPORT TX US,20100222,136,309,0,0,0,0,0,0,0,0,0,0,0,0,0,0,0,0,0,0,0,0,0,0,0,0,578,221,688,467,90,98,103,102
GHCND:USW00012970,SAN ANTONIO STINSON MUNICIPAL AIRPORT TX US,20100223,142,315,0,0,0,0,0,0,0,0,0,0,0,0,0,0,0,0,0,0,0,0,0,0,0,0,580,221,691,469,90,98,102,102
GHCND:USW00012970,SAN ANTONIO STINSON MUNICIPAL AIRPORT TX US,20100224,149,322,0,0,0,0,0,0,0,0,0,0,0,0,0,0,0,0,0,0,0,0,0,0,0,0,582,221,693,472,89,97,102,102
GHCND:USW00012970,SAN ANTONIO STINSON MUNICIPAL AIRPORT TX US,20100225,156,329,0,0,0,0,0,0,0,0,0,0,0,0,0,0,0,0,0,0,0,0,0,0,0,0,584,221,695,474,89,97,101,101
GHCND:USW00012970,SAN ANTONIO STINSON MUNICIPAL AIRPORT TX US,20100226,164,337,0,0,0,0,0,0,0,0,0,0,0,0,0,0,0,0,0,0,0,0,0,0,0,0,587,221,697,476,88,97,101,101
GHCND:USW00012970,SAN ANTONIO STINSON MUNICIPAL AIRPORT TX US,20100227,173,346,0,0,0,0,0,0,0,0,0,0,0,0,0,0,0,0,0,0,0,0,0,0,0,0,589,221,699,478,88,96,100,100
GHCND:USW00012970,SAN ANTONIO STINSON MUNICIPAL AIRPORT TX US,20100228,182,355,0,0,0,0,0,0,0,0,0,0,0,0,0,0,0,0,0,0,0,0,0,0,0,0,591,221,702,481,87,96,100,100
GHCND:USW00012970,SAN ANTONIO STINSON MUNICIPAL AIRPORT TX US,20100301,6,361,0,0,0,0,0,0,0,0,0,0,0,0,0,0,0,0,0,0,0,0,0,0,0,0,594,221,704,483,87,96,99,99
GHCND:USW00012970,SAN ANTONIO STINSON MUNICIPAL AIRPORT TX US,20100302,13,368,0,0,0,0,0,0,0,0,0,0,0,0,0,0,0,0,0,0,0,0,0,0,0,0,596,221,706,485,86,96,98,99
GHCND:USW00012970,SAN ANTONIO STINSON MUNICIPAL AIRPORT TX US,20100303,19,374,0,0,0,0,0,0,0,0,0,0,0,0,0,0,0,0,0,0,0,0,0,0,0,0,598,221,709,488,86,95,98,99
GHCND:USW00012970,SAN ANTONIO STINSON MUNICIPAL AIRPORT TX US,20100304,26,381,0,0,0,0,0,0,0,0,0,0,0,0,0,0,0,0,0,0,0,0,0,0,0,0,601,221,711,490,85,95,97,98
GHCND:USW00012970,SAN ANTONIO STINSON MUNICIPAL AIRPORT TX US,20100305,33,388,0,0,0,0,0,0,0,0,0,0,0,0,0,0,0,0,0,0,0,0,0,0,0,0,603,221,713,493,85,95,97,98
GHCND:USW00012970,SAN ANTONIO STINSON MUNICIPAL AIRPORT TX US,20100306,41,396,0,0,0,0,0,0,0,0,0,0,0,0,0,0,0,0,0,0,0,0,0,0,0,0,605,221,716,495,84,95,96,97
GHCND:USW00012970,SAN ANTONIO STINSON MUNICIPAL AIRPORT TX US,20100307,48,403,0,0,0,0,0,0,0,0,0,0,0,0,0,0,0,0,0,0,0,0,0,0,0,0,608,221,718,497,83,94,95,97
GHCND:USW00012970,SAN ANTONIO STINSON MUNICIPAL AIRPORT TX US,20100308,56,411,0,0,0,0,0,0,0,0,0,0,0,0,0,0,0,0,0,0,0,0,0,0,0,0,610,221,721,500,83,94,94,96
GHCND:USW00012970,SAN ANTONIO STINSON MUNICIPAL AIRPORT TX US,20100309,63,418,0,0,0,0,0,0,0,0,0,0,0,0,0,0,0,0,0,0,0,0,0,0,0,0,613,221,723,502,82,94,93,96
GHCND:USW00012970,SAN ANTONIO STINSON MUNICIPAL AIRPORT TX US,20100310,71,426,0,0,0,0,0,0,0,0,0,0,0,0,0,0,0,0,0,0,0,0,0,0,0,0,615,221,726,504,81,94,92,96
GHCND:USW00012970,SAN ANTONIO STINSON MUNICIPAL AIRPORT TX US,20100311,78,433,0,0,0,0,0,0,0,0,0,0,0,0,0,0,0,0,0,0,0,0,0,0,0,0,617,221,728,507,81,93,91,95
GHCND:USW00012970,SAN ANTONIO STINSON MUNICIPAL AIRPORT TX US,20100312,85,440,0,0,0,0,0,0,0,0,0,0,0,0,0,0,0,0,0,0,0,0,0,0,0,0,620,221,730,509,80,93,89,95
GHCND:USW00012970,SAN ANTONIO STINSON MUNICIPAL AIRPORT TX US,20100313,93,448,0,0,0,0,0,0,0,0,0,0,0,0,0,0,0,0,0,0,0,0,0,0,0,0,622,222,733,511,79,93,88,95
GHCND:USW00012970,SAN ANTONIO STINSON MUNICIPAL AIRPORT TX US,20100314,100,455,0,0,0,0,0,0,0,0,0,0,0,0,0,0,0,0,0,0,0,0,0,0,0,0,625,222,736,514,78,92,87,95
GHCND:USW00012970,SAN ANTONIO STINSON MUNICIPAL AIRPORT TX US,20100315,108,463,0,0,0,0,0,0,0,0,0,0,0,0,0,0,0,0,0,0,0,0,0,0,0,0,627,222,738,516,78,92,86,94
GHCND:USW00012970,SAN ANTONIO STINSON MUNICIPAL AIRPORT TX US,20100316,116,471,0,0,0,0,0,0,0,0,0,0,0,0,0,0,0,0,0,0,0,0,0,0,0,0,630,222,741,518,77,92,85,94
GHCND:USW00012970,SAN ANTONIO STINSON MUNICIPAL AIRPORT TX US,20100317,124,479,0,0,0,0,0,0,0,0,0,0,0,0,0,0,0,0,0,0,0,0,0,0,0,0,632,223,743,521,76,91,84,94
GHCND:USW00012970,SAN ANTONIO STINSON MUNICIPAL AIRPORT TX US,20100318,131,486,0,0,0,0,0,0,0,0,0,0,0,0,0,0,0,0,0,0,0,0,0,0,0,0,634,223,746,523,75,91,83,93
GHCND:USW00012970,SAN ANTONIO STINSON MUNICIPAL AIRPORT TX US,20100319,139,494,0,0,0,0,0,0,0,0,0,0,0,0,0,0,0,0,0,0,0,0,0,0,0,0,637,223,748,525,75,91,82,93
GHCND:USW00012970,SAN ANTONIO STINSON MUNICIPAL AIRPORT TX US,20100320,146,501,0,0,0,0,0,0,0,0,0,0,0,0,0,0,0,0,0,0,0,0,0,0,0,0,639,223,751,527,74,91,81,93
GHCND:USW00012970,SAN ANTONIO STINSON MUNICIPAL AIRPORT TX US,20100321,154,509,0,0,0,0,0,0,0,0,0,0,0,0,0,0,0,0,0,0,0,0,0,0,0,0,642,224,754,530,74,91,81,92
GHCND:USW00012970,SAN ANTONIO STINSON MUNICIPAL AIRPORT TX US,20100322,162,517,0,0,0,0,0,0,0,0,0,0,0,0,0,0,0,0,0,0,0,0,0,0,0,0,644,224,756,532,74,90,80,92
GHCND:USW00012970,SAN ANTONIO STINSON MUNICIPAL AIRPORT TX US,20100323,170,525,0,0,0,0,0,0,0,0,0,0,0,0,0,0,0,0,0,0,0,0,0,0,0,0,646,225,759,534,73,90,79,92
GHCND:USW00012970,SAN ANTONIO STINSON MUNICIPAL AIRPORT TX US,20100324,179,534,0,0,0,0,0,0,0,0,0,0,0,0,0,0,0,0,0,0,0,0,0,0,0,0,649,225,761,536,73,89,79,92
GHCND:USW00012970,SAN ANTONIO STINSON MUNICIPAL AIRPORT TX US,20100325,188,543,0,0,0,0,0,0,0,0,0,0,0,0,0,0,0,0,0,0,0,0,0,0,0,0,651,225,764,539,73,89,78,92
GHCND:USW00012970,SAN ANTONIO STINSON MUNICIPAL AIRPORT TX US,20100326,196,551,0,0,0,0,0,0,0,0,0,0,0,0,0,0,0,0,0,0,0,0,0,0,0,0,654,226,766,541,73,89,78,92
GHCND:USW00012970,SAN ANTONIO STINSON MUNICIPAL AIRPORT TX US,20100327,204,559,0,0,0,0,0,0,0,0,0,0,0,0,0,0,0,0,0,0,0,0,0,0,0,0,656,226,769,543,72,89,77,92
GHCND:USW00012970,SAN ANTONIO STINSON MUNICIPAL AIRPORT TX US,20100328,211,566,0,0,0,0,0,0,0,0,0,0,0,0,0,0,0,0,0,0,0,0,0,0,0,0,658,226,772,545,72,88,77,92
GHCND:USW00012970,SAN ANTONIO STINSON MUNICIPAL AIRPORT TX US,20100329,218,573,0,0,0,0,0,0,0,0,0,0,0,0,0,0,0,0,0,0,0,0,0,0,0,0,661,227,774,547,72,88,77,92
GHCND:USW00012970,SAN ANTONIO STINSON MUNICIPAL AIRPORT TX US,20100330,224,579,0,0,0,0,0,0,0,0,0,0,0,0,0,0,0,0,0,0,0,0,0,0,0,0,663,227,777,550,72,88,76,92
GHCND:USW00012970,SAN ANTONIO STINSON MUNICIPAL AIRPORT TX US,20100331,231,586,0,0,0,0,0,0,0,0,0,0,0,0,0,0,0,0,0,0,0,0,0,0,0,0,666,227,779,552,72,87,76,91
GHCND:USW00012970,SAN ANTONIO STINSON MUNICIPAL AIRPORT TX US,20100401,6,592,0,0,0,0,0,0,0,0,0,0,0,0,0,0,0,0,0,0,0,0,0,0,0,0,668,227,782,554,72,87,76,91
GHCND:USW00012970,SAN ANTONIO STINSON MUNICIPAL AIRPORT TX US,20100402,12,598,0,0,0,0,0,0,0,0,0,0,0,0,0,0,0,0,0,0,0,0,0,0,0,0,670,228,784,556,71,87,75,91
GHCND:USW00012970,SAN ANTONIO STINSON MUNICIPAL AIRPORT TX US,20100403,19,605,0,0,0,0,0,0,0,0,0,0,0,0,0,0,0,0,0,0,0,0,0,0,0,0,673,228,787,559,71,86,75,90
GHCND:USW00012970,SAN ANTONIO STINSON MUNICIPAL AIRPORT TX US,20100404,25,611,0,0,0,0,0,0,0,0,0,0,0,0,0,0,0,0,0,0,0,0,0,0,0,0,675,228,789,561,70,86,74,90
GHCND:USW00012970,SAN ANTONIO STINSON MUNICIPAL AIRPORT TX US,20100405,31,617,0,0,0,0,0,0,0,0,0,0,0,0,0,0,0,0,0,0,0,0,0,0,0,0,677,228,791,563,70,86,74,89
GHCND:USW00012970,SAN ANTONIO STINSON MUNICIPAL AIRPORT TX US,20100406,37,623,0,0,0,0,0,0,0,0,0,0,0,0,0,0,0,0,0,0,0,0,0,0,0,0,680,228,794,565,69,86,73,89
GHCND:USW00012970,SAN ANTONIO STINSON MUNICIPAL AIRPORT TX US,20100407,43,629,0,0,0,0,0,0,0,0,0,0,0,0,0,0,0,0,0,0,0,0,0,0,0,0,682,228,796,568,69,85,73,88
GHCND:USW00012970,SAN ANTONIO STINSON MUNICIPAL AIRPORT TX US,20100408,49,635,0,0,0,0,0,0,0,0,0,0,0,0,0,0,0,0,0,0,0,0,0,0,0,0,684,228,798,570,68,85,73,87
GHCND:USW00012970,SAN ANTONIO STINSON MUNICIPAL AIRPORT TX US,20100409,56,642,0,0,0,0,0,0,0,0,0,0,0,0,0,0,0,0,0,0,0,0,0,0,0,0,686,228,801,572,68,85,72,87
GHCND:USW00012970,SAN ANTONIO STINSON MUNICIPAL AIRPORT TX US,20100410,64,650,0,0,0,0,0,0,0,0,0,0,0,0,0,0,0,0,0,0,0,0,0,0,0,0,689,228,803,575,67,84,72,86
GHCND:USW00012970,SAN ANTONIO STINSON MUNICIPAL AIRPORT TX US,20100411,72,658,0,0,0,0,0,0,0,0,0,0,0,0,0,0,0,0,0,0,0,0,0,0,0,0,691,228,805,577,67,84,72,85
GHCND:USW00012970,SAN ANTONIO STINSON MUNICIPAL AIRPORT TX US,20100412,80,666,0,0,0,0,0,0,0,0,0,0,0,0,0,0,0,0,0,0,0,0,0,0,0,0,693,228,807,579,66,84,72,84
GHCND:USW00012970,SAN ANTONIO STINSON MUNICIPAL AIRPORT TX US,20100413,88,674,0,0,0,0,0,0,0,0,0,0,0,0,0,0,0,0,0,0,0,0,0,0,0,0,696,228,809,582,66,83,71,83
GHCND:USW00012970,SAN ANTONIO STINSON MUNICIPAL AIRPORT TX US,20100414,95,681,0,0,0,0,0,0,0,0,0,0,0,0,0,0,0,0,0,0,0,0,0,0,0,0,698,227,812,584,65,83,71,83
GHCND:USW00012970,SAN ANTONIO STINSON MUNICIPAL AIRPORT TX US,20100415,103,689,0,0,0,0,0,0,0,0,0,0,0,0,0,0,0,0,0,0,0,0,0,0,0,0,700,227,814,587,65,82,71,82
GHCND:USW00012970,SAN ANTONIO STINSON MUNICIPAL AIRPORT TX US,20100416,111,697,0,0,0,0,0,0,0,0,0,0,0,0,0,0,0,0,0,0,0,0,0,0,0,0,703,227,816,589,64,82,70,81
GHCND:USW00012970,SAN ANTONIO STINSON MUNICIPAL AIRPORT TX US,20100417,119,705,0,0,0,0,0,0,0,0,0,0,0,0,0,0,0,0,0,0,0,0,0,0,0,0,705,226,818,592,63,81,70,81
GHCND:USW00012970,SAN ANTONIO STINSON MUNICIPAL AIRPORT TX US,20100418,127,713,0,0,0,0,0,0,0,0,0,0,0,0,0,0,0,0,0,0,0,0,0,0,0,0,707,226,820,594,63,81,69,80
GHCND:USW00012970,SAN ANTONIO STINSON MUNICIPAL AIRPORT TX US,20100419,135,721,0,0,0,0,0,0,0,0,0,0,0,0,0,0,0,0,0,0,0,0,0,0,0,0,709,225,822,597,62,80,68,79
GHCND:USW00012970,SAN ANTONIO STINSON MUNICIPAL AIRPORT TX US,20100420,143,729,0,0,0,0,0,0,0,0,0,0,0,0,0,0,0,0,0,0,0,0,0,0,0,0,712,224,824,600,62,79,68,78
GHCND:USW00012970,SAN ANTONIO STINSON MUNICIPAL AIRPORT TX US,20100421,151,737,0,0,0,0,0,0,0,0,0,0,0,0,0,0,0,0,0,0,0,0,0,0,0,0,714,224,826,602,61,79,67,78
GHCND:USW00012970,SAN ANTONIO STINSON MUNICIPAL AIRPORT TX US,20100422,159,745,0,0,0,0,0,0,0,0,0,0,0,0,0,0,0,0,0,0,0,0,0,0,0,0,716,223,828,605,60,78,67,77
GHCND:USW00012970,SAN ANTONIO STINSON MUNICIPAL AIRPORT TX US,20100423,166,752,0,0,0,0,0,0,0,0,0,0,0,0,0,0,0,0,0,0,0,0,0,0,0,0,719,222,830,608,60,77,66,76
GHCND:USW00012970,SAN ANTONIO STINSON MUNICIPAL AIRPORT TX US,20100424,173,759,0,0,0,0,0,0,0,0,0,0,0,0,0,0,0,0,0,0,0,0,0,0,0,0,721,222,832,610,59,76,66,75
GHCND:USW00012970,SAN ANTONIO STINSON MUNICIPAL AIRPORT TX US,20100425,180,766,0,0,0,0,0,0,0,0,0,0,0,0,0,0,0,0,0,0,0,0,0,0,0,0,724,221,834,613,59,76,65,74
GHCND:USW00012970,SAN ANTONIO STINSON MUNICIPAL AIRPORT TX US,20100426,187,773,0,0,0,0,0,0,0,0,0,0,0,0,0,0,0,0,0,0,0,0,0,0,0,0,726,220,836,616,58,75,64,73
GHCND:USW00012970,SAN ANTONIO STINSON MUNICIPAL AIRPORT TX US,20100427,194,780,0,0,0,0,0,0,0,0,0,0,0,0,0,0,0,0,0,0,0,0,0,0,0,0,728,219,838,619,57,74,63,72
GHCND:USW00012970,SAN ANTONIO STINSON MUNICIPAL AIRPORT TX US,20100428,201,787,0,0,0,0,0,0,0,0,0,0,0,0,0,0,0,0,0,0,0,0,0,0,0,0,731,218,840,622,56,73,62,71
GHCND:USW00012970,SAN ANTONIO STINSON MUNICIPAL AIRPORT TX US,20100429,208,794,0,0,0,0,0,0,0,0,0,0,0,0,0,0,0,0,0,0,0,0,0,0,0,0,733,217,842,624,55,72,62,70
GHCND:USW00012970,SAN ANTONIO STINSON MUNICIPAL AIRPORT TX US,20100430,215,801,0,0,0,0,0,0,0,0,0,0,0,0,0,0,0,0,0,0,0,0,0,0,0,0,736,216,844,627,55,71,61,69
GHCND:USW00012970,SAN ANTONIO STINSON MUNICIPAL AIRPORT TX US,20100501,15,816,0,0,0,0,0,0,0,0,0,0,0,0,0,0,0,0,0,0,0,0,0,0,0,0,738,216,846,630,54,71,61,68
GHCND:USW00012970,SAN ANTONIO STINSON MUNICIPAL AIRPORT TX US,20100502,29,830,0,0,0,0,0,0,0,0,0,0,0,0,0,0,0,0,0,0,0,0,0,0,0,0,740,215,848,633,54,70,60,68
GHCND:USW00012970,SAN ANTONIO STINSON MUNICIPAL AIRPORT TX US,20100503,42,843,0,0,0,0,0,0,0,0,0,0,0,0,0,0,0,0,0,0,0,0,0,0,0,0,743,214,850,636,53,69,60,67
GHCND:USW00012970,SAN ANTONIO STINSON MUNICIPAL AIRPORT TX US,20100504,56,857,0,0,0,0,0,0,0,0,0,0,0,0,0,0,0,0,0,0,0,0,0,0,0,0,745,213,852,639,53,68,59,66
GHCND:USW00012970,SAN ANTONIO STINSON MUNICIPAL AIRPORT TX US,20100505,69,870,0,0,0,0,0,0,0,0,0,0,0,0,0,0,0,0,0,0,0,0,0,0,0,0,748,212,854,642,52,67,59,65
GHCND:USW00012970,SAN ANTONIO STINSON MUNICIPAL AIRPORT TX US,20100506,82,883,0,0,0,0,0,0,0,0,0,0,0,0,0,0,0,0,0,0,0,0,0,0,0,0,750,211,856,645,52,66,58,64
GHCND:USW00012970,SAN ANTONIO STINSON MUNICIPAL AIRPORT TX US,20100507,95,896,0,0,0,0,0,0,0,0,0,0,0,0,0,0,0,0,0,0,0,0,0,0,0,0,753,210,858,648,51,65,58,63
GHCND:USW00012970,SAN ANTONIO STINSON MUNICIPAL AIRPORT TX US,20100508,105,906,0,0,0,0,0,0,0,0,0,0,0,0,0,0,0,0,0,0,0,0,0,0,0,0,755,209,860,651,51,64,57,62
GHCND:USW00012970,SAN ANTONIO STINSON MUNICIPAL AIRPORT TX US,20100509,114,915,0,0,0,0,0,0,0,0,0,0,0,0,0,0,0,0,0,0,0,0,0,0,0,0,758,209,862,654,50,63,57,62
GHCND:USW00012970,SAN ANTONIO STINSON MUNICIPAL AIRPORT TX US,20100510,122,923,0,0,0,0,0,0,0,0,0,0,0,0,0,0,0,0,0,0,0,0,0,0,0,0,760,208,864,656,50,62,56,61
GHCND:USW00012970,SAN ANTONIO STINSON MUNICIPAL AIRPORT TX US,20100511,130,931,0,0,0,0,0,0,0,0,0,0,0,0,0,0,0,0,0,0,0,0,0,0,0,0,763,207,866,659,49,61,56,60
GHCND:USW00012970,SAN ANTONIO STINSON MUNICIPAL AIRPORT TX US,20100512,140,941,0,0,0,0,0,0,0,0,0,0,0,0,0,0,0,0,0,0,0,0,0,0,0,0,765,206,868,662,48,61,55,59
GHCND:USW00012970,SAN ANTONIO STINSON MUNICIPAL AIRPORT TX US,20100513,150,951,0,0,0,0,0,0,0,0,0,0,0,0,0,0,0,0,0,0,0,0,0,0,0,0,768,206,871,665,48,59,55,58
GHCND:USW00012970,SAN ANTONIO STINSON MUNICIPAL AIRPORT TX US,20100514,162,963,0,0,0,0,0,0,0,0,0,0,0,0,0,0,0,0,0,0,0,0,0,0,0,0,770,205,873,668,47,58,54,56
GHCND:USW00012970,SAN ANTONIO STINSON MUNICIPAL AIRPORT TX US,20100515,173,974,0,0,0,0,0,0,0,0,0,0,0,0,0,0,0,0,0,0,0,0,0,0,0,0,773,204,875,671,46,57,54,55
GHCND:USW00012970,SAN ANTONIO STINSON MUNICIPAL AIRPORT TX US,20100516,183,984,0,0,0,0,0,0,0,0,0,0,0,0,0,0,0,0,0,0,0,0,0,0,0,0,775,204,877,673,46,56,53,54
GHCND:USW00012970,SAN ANTONIO STINSON MUNICIPAL AIRPORT TX US,20100517,192,993,0,0,0,0,0,0,0,0,0,0,0,0,0,0,0,0,0,0,0,0,0,0,0,0,778,203,879,676,45,55,52,53
GHCND:USW00012970,SAN ANTONIO STINSON MUNICIPAL AIRPORT TX US,20100518,203,1004,0,0,0,0,0,0,0,0,0,0,0,0,0,0,0,0,0,0,0,0,0,0,0,0,780,203,881,679,44,54,52,52
GHCND:USW00012970,SAN ANTONIO STINSON MUNICIPAL AIRPORT TX US,20100519,212,1013,0,0,0,0,0,0,0,0,0,0,0,0,0,0,0,0,0,0,0,0,0,0,0,0,782,202,884,681,43,54,51,51
GHCND:USW00012970,SAN ANTONIO STINSON MUNICIPAL AIRPORT TX US,20100520,221,1022,0,0,0,0,0,0,0,0,0,0,0,0,0,0,0,0,0,0,0,0,0,0,0,0,785,202,886,684,43,53,51,50
GHCND:USW00012970,SAN ANTONIO STINSON MUNICIPAL AIRPORT TX US,20100521,231,1032,0,0,0,0,0,0,0,0,0,0,0,0,0,0,0,0,0,0,0,0,0,0,0,0,787,201,888,687,42,52,50,49
GHCND:USW00012970,SAN ANTONIO STINSON MUNICIPAL AIRPORT TX US,20100522,241,1042,0,0,0,0,0,0,0,0,0,0,0,0,0,0,0,0,0,0,0,0,0,0,0,0,790,201,890,689,41,52,50,48
GHCND:USW00012970,SAN ANTONIO STINSON MUNICIPAL AIRPORT TX US,20100523,252,1053,0,0,0,0,0,0,0,0,0,0,0,0,0,0,0,0,0,0,0,0,0,0,0,0,792,201,892,692,41,51,49,47
GHCND:USW00012970,SAN ANTONIO STINSON MUNICIPAL AIRPORT TX US,20100524,262,1063,0,0,0,0,0,0,0,0,0,0,0,0,0,0,0,0,0,0,0,0,0,0,0,0,794,200,894,694,40,51,49,46
GHCND:USW00012970,SAN ANTONIO STINSON MUNICIPAL AIRPORT TX US,20100525,273,1074,0,0,0,0,0,0,0,0,0,0,0,0,0,0,0,0,0,0,0,0,0,0,0,0,796,200,896,696,39,50,48,45
GHCND:USW00012970,SAN ANTONIO STINSON MUNICIPAL AIRPORT TX US,20100526,285,1086,0,0,0,0,0,0,0,0,0,0,0,0,0,0,0,0,0,0,0,0,0,0,0,0,798,200,898,699,39,50,48,44
GHCND:USW00012970,SAN ANTONIO STINSON MUNICIPAL AIRPORT TX US,20100527,297,1098,0,0,0,0,0,0,0,0,0,0,0,0,0,0,0,0,0,0,0,0,0,0,0,0,800,199,900,701,39,50,48,44
GHCND:USW00012970,SAN ANTONIO STINSON MUNICIPAL AIRPORT TX US,20100528,310,1111,0,0,0,0,0,0,0,0,0,0,0,0,0,0,0,0,0,0,0,0,0,0,0,0,803,199,902,703,38,49,47,43
GHCND:USW00012970,SAN ANTONIO STINSON MUNICIPAL AIRPORT TX US,20100529,321,1122,0,0,0,0,0,0,0,0,0,0,0,0,0,0,0,0,0,0,0,0,0,0,0,0,805,199,904,705,38,49,47,42
GHCND:USW00012970,SAN ANTONIO STINSON MUNICIPAL AIRPORT TX US,20100530,333,1134,0,0,0,0,0,0,0,0,0,0,0,0,0,0,0,0,0,0,0,0,0,0,0,0,806,199,906,707,37,48,47,42
GHCND:USW00012970,SAN ANTONIO STINSON MUNICIPAL AIRPORT TX US,20100531,343,1144,0,0,0,0,0,0,0,0,0,0,0,0,0,0,0,0,0,0,0,0,0,0,0,0,808,199,908,709,37,48,47,41
GHCND:USW00012970,SAN ANTONIO STINSON MUNICIPAL AIRPORT TX US,20100601,9,1153,0,0,0,0,0,0,0,0,0,0,0,0,0,0,0,0,0,0,0,0,0,0,0,0,810,199,909,711,37,48,47,40
GHCND:USW00012970,SAN ANTONIO STINSON MUNICIPAL AIRPORT TX US,20100602,18,1162,0,0,0,0,0,0,0,0,0,0,0,0,0,0,0,0,0,0,0,0,0,0,0,0,812,199,911,713,36,47,47,40
GHCND:USW00012970,SAN ANTONIO STINSON MUNICIPAL AIRPORT TX US,20100603,28,1172,0,0,0,0,0,0,0,0,0,0,0,0,0,0,0,0,0,0,0,0,0,0,0,0,814,198,913,714,36,47,46,39
GHCND:USW00012970,SAN ANTONIO STINSON MUNICIPAL AIRPORT TX US,20100604,37,1181,0,0,0,0,0,0,0,0,0,0,0,0,0,0,0,0,0,0,0,0,0,0,0,0,815,198,914,716,36,47,46,38
GHCND:USW00012970,SAN ANTONIO STINSON MUNICIPAL AIRPORT TX US,20100605,47,1191,0,0,0,0,0,0,0,0,0,0,0,0,0,0,0,0,0,0,0,0,0,0,0,0,817,198,916,718,35,47,46,38
GHCND:USW00012970,SAN ANTONIO STINSON MUNICIPAL AIRPORT TX US,20100606,57,1201,0,0,0,0,0,0,0,0,0,0,0,0,0,0,0,0,0,0,0,0,0,0,0,0,818,198,917,719,35,47,46,37
GHCND:USW00012970,SAN ANTONIO STINSON MUNICIPAL AIRPORT TX US,20100607,67,1211,0,0,0,0,0,0,0,0,0,0,0,0,0,0,0,0,0,0,0,0,0,0,0,0,819,198,919,720,35,46,46,37
GHCND:USW00012970,SAN ANTONIO STINSON MUNICIPAL AIRPORT TX US,20100608,77,1221,0,0,0,0,0,0,0,0,0,0,0,0,0,0,0,0,0,0,0,0,0,0,0,0,821,198,920,722,35,46,47,36
GHCND:USW00012970,SAN ANTONIO STINSON MUNICIPAL AIRPORT TX US,20100609,87,1231,0,0,0,0,0,0,0,0,0,0,0,0,0,0,0,0,0,0,0,0,0,0,0,0,822,198,921,723,35,46,47,36
GHCND:USW00012970,SAN ANTONIO STINSON MUNICIPAL AIRPORT TX US,20100610,97,1241,0,0,0,0,0,0,0,0,0,0,0,0,0,0,0,0,0,0,0,0,0,0,0,0,823,198,922,724,35,46,47,35
GHCND:USW00012970,SAN ANTONIO STINSON MUNICIPAL AIRPORT TX US,20100611,106,1250,0,0,0,0,0,0,0,0,0,0,0,0,0,0,0,0,0,0,0,0,0,0,0,0,824,198,923,725,35,46,47,35
GHCND:USW00012970,SAN ANTONIO STINSON MUNICIPAL AIRPORT TX US,20100612,115,1259,0,0,0,0,0,0,0,0,0,0,0,0,0,0,0,0,0,0,0,0,0,0,0,0,825,198,924,726,35,46,47,35
GHCND:USW00012970,SAN ANTONIO STINSON MUNICIPAL AIRPORT TX US,20100613,124,1268,0,0,0,0,0,0,0,0,0,0,0,0,0,0,0,0,0,0,0,0,0,0,0,0,826,198,925,727,35,47,48,34
GHCND:USW00012970,SAN ANTONIO STINSON MUNICIPAL AIRPORT TX US,20100614,134,1278,0,0,0,0,0,0,0,0,0,0,0,0,0,0,0,0,0,0,0,0,0,0,0,0,827,198,926,728,35,47,48,34
GHCND:USW00012970,SAN ANTONIO STINSON MUNICIPAL AIRPORT TX US,20100615,146,1290,0,0,0,0,0,0,0,0,0,0,0,0,0,0,0,0,0,0,0,0,0,0,0,0,828,198,927,729,35,47,49,34
GHCND:USW00012970,SAN ANTONIO STINSON MUNICIPAL AIRPORT TX US,20100616,158,1302,0,0,0,0,0,0,0,0,0,0,0,0,0,0,0,0,0,0,0,0,0,0,0,0,829,198,927,730,35,47,49,33
GHCND:USW00012970,SAN ANTONIO STINSON MUNICIPAL AIRPORT TX US,20100617,171,1315,0,0,0,0,0,0,0,0,0,0,0,0,0,0,0,0,0,0,0,0,0,0,0,0,829,198,928,731,35,48,50,33
GHCND:USW00012970,SAN ANTONIO STINSON MUNICIPAL AIRPORT TX US,20100618,185,1329,0,0,0,0,0,0,0,0,0,0,0,0,0,0,0,0,0,0,0,0,0,0,0,0,830,198,929,731,35,48,50,32
GHCND:USW00012970,SAN ANTONIO STINSON MUNICIPAL AIRPORT TX US,20100619,199,1343,0,0,0,0,0,0,0,0,0,0,0,0,0,0,0,0,0,0,0,0,0,0,0,0,830,198,929,732,35,48,50,32
GHCND:USW00012970,SAN ANTONIO STINSON MUNICIPAL AIRPORT TX US,20100620,214,1358,0,0,0,0,0,0,0,0,0,0,0,0,0,0,0,0,0,0,0,0,0,0,0,0,831,198,930,732,35,48,51,32
GHCND:USW00012970,SAN ANTONIO STINSON MUNICIPAL AIRPORT TX US,20100621,230,1374,0,0,0,0,0,0,0,0,0,0,0,0,0,0,0,0,0,0,0,0,0,0,0,0,831,198,930,733,35,48,51,31
GHCND:USW00012970,SAN ANTONIO STINSON MUNICIPAL AIRPORT TX US,20100622,246,1390,0,0,0,0,0,0,0,0,0,0,0,0,0,0,0,0,0,0,0,0,0,0,0,0,832,198,931,733,35,48,51,31
GHCND:USW00012970,SAN ANTONIO STINSON MUNICIPAL AIRPORT TX US,20100623,262,1406,0,0,0,0,0,0,0,0,0,0,0,0,0,0,0,0,0,0,0,0,0,0,0,0,832,198,931,733,35,48,51,30
GHCND:USW00012970,SAN ANTONIO STINSON MUNICIPAL AIRPORT TX US,20100624,279,1423,0,0,0,0,0,0,0,0,0,0,0,0,0,0,0,0,0,0,0,0,0,0,0,0,833,198,931,734,35,48,52,30
GHCND:USW00012970,SAN ANTONIO STINSON MUNICIPAL AIRPORT TX US,20100625,295,1439,0,0,0,0,0,0,0,0,0,0,0,0,0,0,0,0,0,0,0,0,0,0,0,0,833,198,932,734,35,48,52,29
GHCND:USW00012970,SAN ANTONIO STINSON MUNICIPAL AIRPORT TX US,20100626,311,1455,0,0,0,0,0,0,0,0,0,0,0,0,0,0,0,0,0,0,0,0,0,0,0,0,833,198,932,734,34,49,52,29
GHCND:USW00012970,SAN ANTONIO STINSON MUNICIPAL AIRPORT TX US,20100627,327,1471,0,0,0,0,0,0,0,0,0,0,0,0,0,0,0,0,0,0,0,0,0,0,0,0,833,198,933,734,34,49,52,29
GHCND:USW00012970,SAN ANTONIO STINSON MUNICIPAL AIRPORT TX US,20100628,343,1487,0,0,0,0,0,0,0,0,0,0,0,0,0,0,0,0,0,0,0,0,0,0,0,0,834,199,933,734,34,49,52,28
GHCND:USW00012970,SAN ANTONIO STINSON MUNICIPAL AIRPORT TX US,20100629,358,1502,0,0,0,0,0,0,0,0,0,0,0,0,0,0,0,0,0,0,0,0,0,0,0,0,834,199,933,735,34,49,53,28
GHCND:USW00012970,SAN ANTONIO STINSON MUNICIPAL AIRPORT TX US,20100630,374,1518,0,0,0,0,0,0,0,0,0,0,0,0,0,0,0,0,0,0,0,0,0,0,0,0,834,199,934,735,34,49,53,27
GHCND:USW00012970,SAN ANTONIO STINSON MUNICIPAL AIRPORT TX US,20100701,8,1526,0,0,0,0,0,0,0,0,0,0,0,0,0,0,0,0,0,0,0,0,0,0,0,0,835,200,934,735,34,49,53,27
GHCND:USW00012970,SAN ANTONIO STINSON MUNICIPAL AIRPORT TX US,20100702,17,1535,0,0,0,0,0,0,0,0,0,0,0,0,0,0,0,0,0,0,0,0,0,0,0,0,835,200,935,735,34,49,53,27
GHCND:USW00012970,SAN ANTONIO STINSON MUNICIPAL AIRPORT TX US,20100703,26,1544,0,0,0,0,0,0,0,0,0,0,0,0,0,0,0,0,0,0,0,0,0,0,0,0,835,201,935,735,34,50,53,26
GHCND:USW00012970,SAN ANTONIO STINSON MUNICIPAL AIRPORT TX US,20100704,35,1553,0,0,0,0,0,0,0,0,0,0,0,0,0,0,0,0,0,0,0,0,0,0,0,0,835,201,936,735,34,50,53,26
GHCND:USW00012970,SAN ANTONIO STINSON MUNICIPAL AIRPORT TX US,20100705,43,1561,0,0,0,0,0,0,0,0,0,0,0,0,0,0,0,0,0,0,0,0,0,0,0,0,836,202,937,735,34,50,53,26
GHCND:USW00012970,SAN ANTONIO STINSON MUNICIPAL AIRPORT TX US,20100706,52,1570,0,0,0,0,0,0,0,0,0,0,0,0,0,0,0,0,0,0,0,0,0,0,0,0,836,203,937,735,34,50,53,26
GHCND:USW00012970,SAN ANTONIO STINSON MUNICIPAL AIRPORT TX US,20100707,61,1579,0,0,0,0,0,0,0,0,0,0,0,0,0,0,0,0,0,0,0,0,0,0,0,0,836,203,938,735,33,50,54,25
GHCND:USW00012970,SAN ANTONIO STINSON MUNICIPAL AIRPORT TX US,20100708,70,1588,0,0,0,0,0,0,0,0,0,0,0,0,0,0,0,0,0,0,0,0,0,0,0,0,837,204,939,735,33,51,54,25
GHCND:USW00012970,SAN ANTONIO STINSON MUNICIPAL AIRPORT TX US,20100709,78,1596,0,0,0,0,0,0,0,0,0,0,0,0,0,0,0,0,0,0,0,0,0,0,0,0,837,205,940,735,33,51,54,25
GHCND:USW00012970,SAN ANTONIO STINSON MUNICIPAL AIRPORT TX US,20100710,87,1605,0,0,0,0,0,0,0,0,0,0,0,0,0,0,0,0,0,0,0,0,0,0,0,0,838,206,941,735,33,51,54,24
GHCND:USW00012970,SAN ANTONIO STINSON MUNICIPAL AIRPORT TX US,20100711,96,1614,0,0,0,0,0,0,0,0,0,0,0,0,0,0,0,0,0,0,0,0,0,0,0,0,838,207,942,735,33,51,54,24
GHCND:USW00012970,SAN ANTONIO STINSON MUNICIPAL AIRPORT TX US,20100712,105,1623,0,0,0,0,0,0,0,0,0,0,0,0,0,0,0,0,0,0,0,0,0,0,0,0,839,208,943,735,33,51,53,24
GHCND:USW00012970,SAN ANTONIO STINSON MUNICIPAL AIRPORT TX US,20100713,114,1632,0,0,0,0,0,0,0,0,0,0,0,0,0,0,0,0,0,0,0,0,0,0,0,0,839,209,944,735,33,50,53,24
GHCND:USW00012970,SAN ANTONIO STINSON MUNICIPAL AIRPORT TX US,20100714,122,1640,0,0,0,0,0,0,0,0,0,0,0,0,0,0,0,0,0,0,0,0,0,0,0,0,840,210,945,735,32,50,53,24
GHCND:USW00012970,SAN ANTONIO STINSON MUNICIPAL AIRPORT TX US,20100715,130,1648,0,0,0,0,0,0,0,0,0,0,0,0,0,0,0,0,0,0,0,0,0,0,0,0,841,211,947,735,32,50,53,23
GHCND:USW00012970,SAN ANTONIO STINSON MUNICIPAL AIRPORT TX US,20100716,136,1654,0,0,0,0,0,0,0,0,0,0,0,0,0,0,0,0,0,0,0,0,0,0,0,0,842,213,948,735,32,50,52,23
GHCND:USW00012970,SAN ANTONIO STINSON MUNICIPAL AIRPORT TX US,20100717,143,1661,0,0,0,0,0,0,0,0,0,0,0,0,0,0,0,0,0,0,0,0,0,0,0,0,842,214,949,735,32,50,52,23
GHCND:USW00012970,SAN ANTONIO STINSON MUNICIPAL AIRPORT TX US,20100718,149,1667,0,0,0,0,0,0,0,0,0,0,0,0,0,0,0,0,0,0,0,0,0,0,0,0,843,215,951,736,31,49,52,23
GHCND:USW00012970,SAN ANTONIO STINSON MUNICIPAL AIRPORT TX US,20100719,155,1673,0,0,0,0,0,0,0,0,0,0,0,0,0,0,0,0,0,0,0,0,0,0,0,0,844,217,952,736,31,49,51,23
GHCND:USW00012970,SAN ANTONIO STINSON MUNICIPAL AIRPORT TX US,20100720,160,1678,0,0,0,0,0,0,0,0,0,0,0,0,0,0,0,0,0,0,0,0,0,0,0,0,845,218,954,736,31,48,51,22
GHCND:USW00012970,SAN ANTONIO STINSON MUNICIPAL AIRPORT TX US,20100721,165,1683,0,0,0,0,0,0,0,0,0,0,0,0,0,0,0,0,0,0,0,0,0,0,0,0,846,219,956,736,30,48,50,22
GHCND:USW00012970,SAN ANTONIO STINSON MUNICIPAL AIRPORT TX US,20100722,170,1688,0,0,0,0,0,0,0,0,0,0,0,0,0,0,0,0,0,0,0,0,0,0,0,0,847,221,957,736,30,48,50,22
GHCND:USW00012970,SAN ANTONIO STINSON MUNICIPAL AIRPORT TX US,20100723,174,1692,0,0,0,0,0,0,0,0,0,0,0,0,0,0,0,0,0,0,0,0,0,0,0,0,848,222,959,737,30,47,49,22
GHCND:USW00012970,SAN ANTONIO STINSON MUNICIPAL AIRPORT TX US,20100724,178,1696,0,0,0,0,0,0,0,0,0,0,0,0,0,0,0,0,0,0,0,0,0,0,0,0,849,223,961,737,30,47,49,22
GHCND:USW00012970,SAN ANTONIO STINSON MUNICIPAL AIRPORT TX US,20100725,183,1701,0,0,0,0,0,0,0,0,0,0,0,0,0,0,0,0,0,0,0,0,0,0,0,0,850,225,962,737,30,47,48,22
GHCND:USW00012970,SAN ANTONIO STINSON MUNICIPAL AIRPORT TX US,20100726,187,1705,0,0,0,0,0,0,0,0,0,0,0,0,0,0,0,0,0,0,0,0,0,0,0,0,851,226,964,738,29,46,48,22
GHCND:USW00012970,SAN ANTONIO STINSON MUNICIPAL AIRPORT TX US,20100727,191,1709,0,0,0,0,0,0,0,0,0,0,0,0,0,0,0,0,0,0,0,0,0,0,0,0,852,228,966,738,29,46,48,22
GHCND:USW00012970,SAN ANTONIO STINSON MUNICIPAL AIRPORT TX US,20100728,195,1713,0,0,0,0,0,0,0,0,0,0,0,0,0,0,0,0,0,0,0,0,0,0,0,0,853,229,967,739,29,46,47,23
GHCND:USW00012970,SAN ANTONIO STINSON MUNICIPAL AIRPORT TX US,20100729,200,1718,0,0,0,0,0,0,0,0,0,0,0,0,0,0,0,0,0,0,0,0,0,0,0,0,854,230,969,739,29,46,47,23
GHCND:USW00012970,SAN ANTONIO STINSON MUNICIPAL AIRPORT TX US,20100730,204,1722,0,0,0,0,0,0,0,0,0,0,0,0,0,0,0,0,0,0,0,0,0,0,0,0,855,231,971,739,29,45,47,23
GHCND:USW00012970,SAN ANTONIO STINSON MUNICIPAL AIRPORT TX US,20100731,207,1725,0,0,0,0,0,0,0,0,0,0,0,0,0,0,0,0,0,0,0,0,0,0,0,0,856,232,972,740,29,45,47,23
GHCND:USW00012970,SAN ANTONIO STINSON MUNICIPAL AIRPORT TX US,20100801,4,1729,0,0,0,0,0,0,0,0,0,0,0,0,0,0,0,0,0,0,0,0,0,0,0,0,857,233,974,740,29,45,47,23
GHCND:USW00012970,SAN ANTONIO STINSON MUNICIPAL AIRPORT TX US,20100802,10,1735,0,0,0,0,0,0,0,0,0,0,0,0,0,0,0,0,0,0,0,0,0,0,0,0,858,234,975,741,29,44,46,24
GHCND:USW00012970,SAN ANTONIO STINSON MUNICIPAL AIRPORT TX US,20100803,17,1742,0,0,0,0,0,0,0,0,0,0,0,0,0,0,0,0,0,0,0,0,0,0,0,0,859,235,976,741,29,44,46,24
GHCND:USW00012970,SAN ANTONIO STINSON MUNICIPAL AIRPORT TX US,20100804,24,1749,0,0,0,0,0,0,0,0,0,0,0,0,0,0,0,0,0,0,0,0,0,0,0,0,860,236,978,742,29,44,46,24
GHCND:USW00012970,SAN ANTONIO STINSON MUNICIPAL AIRPORT TX US,20100805,31,1756,0,0,0,0,0,0,0,0,0,0,0,0,0,0,0,0,0,0,0,0,0,0,0,0,860,237,979,742,29,44,46,24
GHCND:USW00012970,SAN ANTONIO STINSON MUNICIPAL AIRPORT TX US,20100806,38,1763,0,0,0,0,0,0,0,0,0,0,0,0,0,0,0,0,0,0,0,0,0,0,0,0,861,237,980,742,29,44,46,24
GHCND:USW00012970,SAN ANTONIO STINSON MUNICIPAL AIRPORT TX US,20100807,45,1770,0,0,0,0,0,0,0,0,0,0,0,0,0,0,0,0,0,0,0,0,0,0,0,0,862,238,981,743,29,43,45,24
GHCND:USW00012970,SAN ANTONIO STINSON MUNICIPAL AIRPORT TX US,20100808,52,1777,0,0,0,0,0,0,0,0,0,0,0,0,0,0,0,0,0,0,0,0,0,0,0,0,862,238,981,743,29,43,45,24
GHCND:USW00012970,SAN ANTONIO STINSON MUNICIPAL AIRPORT TX US,20100809,58,1783,0,0,0,0,0,0,0,0,0,0,0,0,0,0,0,0,0,0,0,0,0,0,0,0,863,239,982,743,29,43,45,25
GHCND:USW00012970,SAN ANTONIO STINSON MUNICIPAL AIRPORT TX US,20100810,63,1788,0,0,0,0,0,0,0,0,0,0,0,0,0,0,0,0,0,0,0,0,0,0,0,0,863,239,983,744,29,43,45,25
GHCND:USW00012970,SAN ANTONIO STINSON MUNICIPAL AIRPORT TX US,20100811,69,1794,0,0,0,0,0,0,0,0,0,0,0,0,0,0,0,0,0,0,0,0,0,0,0,0,863,239,983,744,29,43,45,25
GHCND:USW00012970,SAN ANTONIO STINSON MUNICIPAL AIRPORT TX US,20100812,74,1799,0,0,0,0,0,0,0,0,0,0,0,0,0,0,0,0,0,0,0,0,0,0,0,0,863,239,983,744,29,44,46,25
GHCND:USW00012970,SAN ANTONIO STINSON MUNICIPAL AIRPORT TX US,20100813,80,1805,0,0,0,0,0,0,0,0,0,0,0,0,0,0,0,0,0,0,0,0,0,0,0,0,863,239,983,744,29,44,46,25
GHCND:USW00012970,SAN ANTONIO STINSON MUNICIPAL AIRPORT TX US,20100814,86,1811,0,0,0,0,0,0,0,0,0,0,0,0,0,0,0,0,0,0,0,0,0,0,0,0,863,239,983,744,30,44,46,25
GHCND:USW00012970,SAN ANTONIO STINSON MUNICIPAL AIRPORT TX US,20100815,92,1817,0,0,0,0,0,0,0,0,0,0,0,0,0,0,0,0,0,0,0,0,0,0,0,0,863,238,982,744,30,44,46,25
GHCND:USW00012970,SAN ANTONIO STINSON MUNICIPAL AIRPORT TX US,20100816,98,1823,0,0,0,0,0,0,0,0,0,0,0,0,0,0,0,0,0,0,0,0,0,0,0,0,863,238,982,744,30,45,47,25
GHCND:USW00012970,SAN ANTONIO STINSON MUNICIPAL AIRPORT TX US,20100817,105,1830,0,0,0,0,0,0,0,0,0,0,0,0,0,0,0,0,0,0,0,0,0,0,0,0,862,237,981,744,30,45,47,25
GHCND:USW00012970,SAN ANTONIO STINSON MUNICIPAL AIRPORT TX US,20100818,112,1837,0,0,0,0,0,0,0,0,0,0,0,0,0,0,0,0,0,0,0,0,0,0,0,0,862,237,980,743,31,46,48,25
GHCND:USW00012970,SAN ANTONIO STINSON MUNICIPAL AIRPORT TX US,20100819,119,1844,0,0,0,0,0,0,0,0,0,0,0,0,0,0,0,0,0,0,0,0,0,0,0,0,861,236,979,743,31,46,48,26
GHCND:USW00012970,SAN ANTONIO STINSON MUNICIPAL AIRPORT TX US,20100820,126,1851,0,0,0,0,0,0,0,0,0,0,0,0,0,0,0,0,0,0,0,0,0,0,0,0,860,235,978,743,31,47,49,26
GHCND:USW00012970,SAN ANTONIO STINSON MUNICIPAL AIRPORT TX US,20100821,134,1859,0,0,0,0,0,0,0,0,0,0,0,0,0,0,0,0,0,0,0,0,0,0,0,0,859,234,976,742,32,47,49,26
GHCND:USW00012970,SAN ANTONIO STINSON MUNICIPAL AIRPORT TX US,20100822,143,1868,0,0,0,0,0,0,0,0,0,0,0,0,0,0,0,0,0,0,0,0,0,0,0,0,858,233,975,742,32,48,50,26
GHCND:USW00012970,SAN ANTONIO STINSON MUNICIPAL AIRPORT TX US,20100823,152,1877,0,0,0,0,0,0,0,0,0,0,0,0,0,0,0,0,0,0,0,0,0,0,0,0,857,232,973,741,32,48,51,26
GHCND:USW00012970,SAN ANTONIO STINSON MUNICIPAL AIRPORT TX US,20100824,163,1888,0,0,0,0,0,0,0,0,0,0,0,0,0,0,0,0,0,0,0,0,0,0,0,0,855,231,971,740,33,49,51,27
GHCND:USW00012970,SAN ANTONIO STINSON MUNICIPAL AIRPORT TX US,20100825,175,1900,0,0,0,0,0,0,0,0,0,0,0,0,0,0,0,0,0,0,0,0,0,0,0,0,854,230,969,739,33,49,51,27
GHCND:USW00012970,SAN ANTONIO STINSON MUNICIPAL AIRPORT TX US,20100826,188,1913,0,0,0,0,0,0,0,0,0,0,0,0,0,0,0,0,0,0,0,0,0,0,0,0,852,228,966,738,33,50,52,27
GHCND:USW00012970,SAN ANTONIO STINSON MUNICIPAL AIRPORT TX US,20100827,201,1926,0,0,0,0,0,0,0,0,0,0,0,0,0,0,0,0,0,0,0,0,0,0,0,0,851,227,964,737,33,50,52,28
GHCND:USW00012970,SAN ANTONIO STINSON MUNICIPAL AIRPORT TX US,20100828,214,1939,0,0,0,0,0,0,0,0,0,0,0,0,0,0,0,0,0,0,0,0,0,0,0,0,849,226,961,736,34,51,53,28
GHCND:USW00012970,SAN ANTONIO STINSON MUNICIPAL AIRPORT TX US,20100829,228,1953,0,0,0,0,0,0,0,0,0,0,0,0,0,0,0,0,0,0,0,0,0,0,0,0,847,224,959,734,34,51,53,28
GHCND:USW00012970,SAN ANTONIO STINSON MUNICIPAL AIRPORT TX US,20100830,242,1967,0,0,0,0,0,0,0,0,0,0,0,0,0,0,0,0,0,0,0,0,0,0,0,0,844,223,956,733,34,52,53,29
GHCND:USW00012970,SAN ANTONIO STINSON MUNICIPAL AIRPORT TX US,20100831,253,1978,0,0,0,0,0,0,0,0,0,0,0,0,0,0,0,0,0,0,0,0,0,0,0,0,842,222,953,731,34,52,53,29
GHCND:USW00012970,SAN ANTONIO STINSON MUNICIPAL AIRPORT TX US,20100901,10,1988,0,0,0,0,0,0,0,0,0,0,0,0,0,0,0,0,0,0,0,0,0,0,0,0,840,220,950,730,35,53,53,30
GHCND:USW00012970,SAN ANTONIO STINSON MUNICIPAL AIRPORT TX US,20100902,19,1997,0,0,0,0,0,0,0,0,0,0,0,0,0,0,0,0,0,0,0,0,0,0,0,0,837,219,947,728,35,53,54,31
GHCND:USW00012970,SAN ANTONIO STINSON MUNICIPAL AIRPORT TX US,20100903,28,2006,0,0,0,0,0,0,0,0,0,0,0,0,0,0,0,0,0,0,0,0,0,0,0,0,835,217,944,726,35,54,54,32
GHCND:USW00012970,SAN ANTONIO STINSON MUNICIPAL AIRPORT TX US,20100904,38,2016,0,0,0,0,0,0,0,0,0,0,0,0,0,0,0,0,0,0,0,0,0,0,0,0,832,216,940,724,36,54,54,32
GHCND:USW00012970,SAN ANTONIO STINSON MUNICIPAL AIRPORT TX US,20100905,49,2027,0,0,0,0,0,0,0,0,0,0,0,0,0,0,0,0,0,0,0,0,0,0,0,0,830,215,937,722,36,55,55,33
GHCND:USW00012970,SAN ANTONIO STINSON MUNICIPAL AIRPORT TX US,20100906,59,2037,0,0,0,0,0,0,0,0,0,0,0,0,0,0,0,0,0,0,0,0,0,0,0,0,827,214,934,720,37,55,55,35
GHCND:USW00012970,SAN ANTONIO STINSON MUNICIPAL AIRPORT TX US,20100907,70,2048,0,0,0,0,0,0,0,0,0,0,0,0,0,0,0,0,0,0,0,0,0,0,0,0,824,212,930,718,38,56,55,36
GHCND:USW00012970,SAN ANTONIO STINSON MUNICIPAL AIRPORT TX US,20100908,81,2059,0,0,0,0,0,0,0,0,0,0,0,0,0,0,0,0,0,0,0,0,0,0,0,0,821,211,927,715,39,56,56,37
GHCND:USW00012970,SAN ANTONIO STINSON MUNICIPAL AIRPORT TX US,20100909,92,2070,0,0,0,0,0,0,0,0,0,0,0,0,0,0,0,0,0,0,0,0,0,0,0,0,818,210,923,713,39,57,56,38
GHCND:USW00012970,SAN ANTONIO STINSON MUNICIPAL AIRPORT TX US,20100910,104,2082,0,0,0,0,0,0,0,0,0,0,0,0,0,0,0,0,0,0,0,0,0,0,0,0,815,209,920,711,40,57,57,40
GHCND:USW00012970,SAN ANTONIO STINSON MUNICIPAL AIRPORT TX US,20100911,115,2093,0,0,0,0,0,0,0,0,0,0,0,0,0,0,0,0,0,0,0,0,0,0,0,0,812,208,916,708,41,58,57,41
GHCND:USW00012970,SAN ANTONIO STINSON MUNICIPAL AIRPORT TX US,20100912,126,2104,0,0,0,0,0,0,0,0,0,0,0,0,0,0,0,0,0,0,0,0,0,0,0,0,809,208,913,705,42,58,57,43
GHCND:USW00012970,SAN ANTONIO STINSON MUNICIPAL AIRPORT TX US,20100913,137,2115,0,0,0,0,0,0,0,0,0,0,0,0,0,0,0,0,0,0,0,0,0,0,0,0,806,207,910,703,43,58,57,44
GHCND:USW00012970,SAN ANTONIO STINSON MUNICIPAL AIRPORT TX US,20100914,148,2126,0,0,0,0,0,0,0,0,0,0,0,0,0,0,0,0,0,0,0,0,0,0,0,0,803,206,906,700,43,58,57,46
GHCND:USW00012970,SAN ANTONIO STINSON MUNICIPAL AIRPORT TX US,20100915,158,2136,0,0,0,0,0,0,0,0,0,0,0,0,0,0,0,0,0,0,0,0,0,0,0,0,800,206,903,697,44,59,58,47
GHCND:USW00012970,SAN ANTONIO STINSON MUNICIPAL AIRPORT TX US,20100916,168,2146,0,0,0,0,0,0,0,0,0,0,0,0,0,0,0,0,0,0,0,0,0,0,0,0,797,205,900,694,45,59,58,49
GHCND:USW00012970,SAN ANTONIO STINSON MUNICIPAL AIRPORT TX US,20100917,178,2156,0,0,0,0,0,0,0,0,0,0,0,0,0,0,0,0,0,0,0,0,0,0,0,0,794,205,896,691,46,59,58,51
GHCND:USW00012970,SAN ANTONIO STINSON MUNICIPAL AIRPORT TX US,20100918,188,2166,0,0,0,0,0,0,0,0,0,0,0,0,0,0,0,0,0,0,0,0,0,0,0,0,791,205,893,688,47,60,58,52
GHCND:USW00012970,SAN ANTONIO STINSON MUNICIPAL AIRPORT TX US,20100919,198,2176,0,0,0,0,0,0,0,0,0,0,0,0,0,0,0,0,0,0,0,0,0,0,0,0,788,205,890,685,48,60,58,54
GHCND:USW00012970,SAN ANTONIO STINSON MUNICIPAL AIRPORT TX US,20100920,208,2186,0,0,0,0,0,0,0,0,0,0,0,0,0,0,0,0,0,0,0,0,0,0,0,0,785,205,887,682,49,60,58,56
GHCND:USW00012970,SAN ANTONIO STINSON MUNICIPAL AIRPORT TX US,20100921,218,2196,0,0,0,0,0,0,0,0,0,0,0,0,0,0,0,0,0,0,0,0,0,0,0,0,782,205,884,679,49,60,58,57
GHCND:USW00012970,SAN ANTONIO STINSON MUNICIPAL AIRPORT TX US,20100922,225,2203,0,0,0,0,0,0,0,0,0,0,0,0,0,0,0,0,0,0,0,0,0,0,0,0,779,205,881,676,50,61,58,59
GHCND:USW00012970,SAN ANTONIO STINSON MUNICIPAL AIRPORT TX US,20100923,232,2210,0,0,0,0,0,0,0,0,0,0,0,0,0,0,0,0,0,0,0,0,0,0,0,0,776,205,879,673,51,61,59,60
GHCND:USW00012970,SAN ANTONIO STINSON MUNICIPAL AIRPORT TX US,20100924,238,2216,0,0,0,0,0,0,0,0,0,0,0,0,0,0,0,0,0,0,0,0,0,0,0,0,773,206,876,670,52,61,59,61
GHCND:USW00012970,SAN ANTONIO STINSON MUNICIPAL AIRPORT TX US,20100925,246,2224,0,0,0,0,0,0,0,0,0,0,0,0,0,0,0,0,0,0,0,0,0,0,0,0,770,206,873,667,52,62,59,63
GHCND:USW00012970,SAN ANTONIO STINSON MUNICIPAL AIRPORT TX US,20100926,253,2231,0,0,0,0,0,0,0,0,0,0,0,0,0,0,0,0,0,0,0,0,0,0,0,0,767,207,871,664,53,62,60,64
GHCND:USW00012970,SAN ANTONIO STINSON MUNICIPAL AIRPORT TX US,20100927,260,2238,0,0,0,0,0,0,0,0,0,0,0,0,0,0,0,0,0,0,0,0,0,0,0,0,765,207,868,661,54,62,60,65
GHCND:USW00012970,SAN ANTONIO STINSON MUNICIPAL AIRPORT TX US,20100928,267,2245,0,0,0,0,0,0,0,0,0,0,0,0,0,0,0,0,0,0,0,0,0,0,0,0,762,208,866,658,55,63,61,67
GHCND:USW00012970,SAN ANTONIO STINSON MUNICIPAL AIRPORT TX US,20100929,274,2252,0,0,0,0,0,0,0,0,0,0,0,0,0,0,0,0,0,0,0,0,0,0,0,0,759,208,864,655,56,63,61,68
GHCND:USW00012970,SAN ANTONIO STINSON MUNICIPAL AIRPORT TX US,20100930,282,2260,0,0,0,0,0,0,0,0,0,0,0,0,0,0,0,0,0,0,0,0,0,0,0,0,757,209,861,652,57,63,62,69
GHCND:USW00012970,SAN ANTONIO STINSON MUNICIPAL AIRPORT TX US,20101001,12,2272,0,0,0,0,0,0,0,0,0,0,0,0,0,0,0,0,0,0,0,0,0,0,0,0,754,210,859,649,57,64,62,70
GHCND:USW00012970,SAN ANTONIO STINSON MUNICIPAL AIRPORT TX US,20101002,24,2284,0,0,0,0,0,0,0,0,0,0,0,0,0,0,0,0,0,0,0,0,0,0,0,0,751,211,857,646,58,64,63,71
GHCND:USW00012970,SAN ANTONIO STINSON MUNICIPAL AIRPORT TX US,20101003,35,2295,0,0,0,0,0,0,0,0,0,0,0,0,0,0,0,0,0,0,0,0,0,0,0,0,749,212,855,643,59,65,63,72
GHCND:USW00012970,SAN ANTONIO STINSON MUNICIPAL AIRPORT TX US,20101004,45,2305,0,0,0,0,0,0,0,0,0,0,0,0,0,0,0,0,0,0,0,0,0,0,0,0,746,213,853,640,59,65,63,73
GHCND:USW00012970,SAN ANTONIO STINSON MUNICIPAL AIRPORT TX US,20101005,55,2315,0,0,0,0,0,0,0,0,0,0,0,0,0,0,0,0,0,0,0,0,0,0,0,0,744,214,851,637,60,66,64,74
GHCND:USW00012970,SAN ANTONIO STINSON MUNICIPAL AIRPORT TX US,20101006,65,2325,0,0,0,0,0,0,0,0,0,0,0,0,0,0,0,0,0,0,0,0,0,0,0,0,741,214,849,634,60,66,64,75
GHCND:USW00012970,SAN ANTONIO STINSON MUNICIPAL AIRPORT TX US,20101007,74,2334,0,0,0,0,0,0,0,0,0,0,0,0,0,0,0,0,0,0,0,0,0,0,0,0,739,215,847,631,61,67,64,76
GHCND:USW00012970,SAN ANTONIO STINSON MUNICIPAL AIRPORT TX US,20101008,83,2343,0,0,0,0,0,0,0,0,0,0,0,0,0,0,0,0,0,0,0,0,0,0,0,0,737,216,845,628,62,68,65,77
GHCND:USW00012970,SAN ANTONIO STINSON MUNICIPAL AIRPORT TX US,20101009,94,2354,0,0,0,0,0,0,0,0,0,0,0,0,0,0,0,0,0,0,0,0,0,0,0,0,734,217,843,625,62,68,65,78
GHCND:USW00012970,SAN ANTONIO STINSON MUNICIPAL AIRPORT TX US,20101010,106,2366,0,0,0,0,0,0,0,0,0,0,0,0,0,0,0,0,0,0,0,0,0,0,0,0,732,218,841,623,63,69,65,79
GHCND:USW00012970,SAN ANTONIO STINSON MUNICIPAL AIRPORT TX US,20101011,118,2378,0,0,0,0,0,0,0,0,0,0,0,0,0,0,0,0,0,0,0,0,0,0,0,0,729,219,839,620,63,70,65,79
GHCND:USW00012970,SAN ANTONIO STINSON MUNICIPAL AIRPORT TX US,20101012,131,2391,0,0,0,0,0,0,0,0,0,0,0,0,0,0,0,0,0,0,0,0,0,0,0,0,727,220,837,617,64,71,66,80
GHCND:USW00012970,SAN ANTONIO STINSON MUNICIPAL AIRPORT TX US,20101013,145,2405,0,0,0,0,0,0,0,0,0,0,0,0,0,0,0,0,0,0,0,0,0,0,0,0,724,221,835,614,64,72,66,81
GHCND:USW00012970,SAN ANTONIO STINSON MUNICIPAL AIRPORT TX US,20101014,158,2418,0,0,0,0,0,0,0,0,0,0,0,0,0,0,0,0,0,0,0,0,0,0,0,0,722,221,833,611,65,73,66,82
GHCND:USW00012970,SAN ANTONIO STINSON MUNICIPAL AIRPORT TX US,20101015,172,2432,0,0,0,0,0,0,0,0,0,0,0,0,0,0,0,0,0,0,0,0,0,0,0,0,719,222,830,608,65,74,66,83
GHCND:USW00012970,SAN ANTONIO STINSON MUNICIPAL AIRPORT TX US,20101016,185,2445,0,0,0,0,0,0,0,0,0,0,0,0,0,0,0,0,0,0,0,0,0,0,0,0,717,223,828,605,65,75,67,84
GHCND:USW00012970,SAN ANTONIO STINSON MUNICIPAL AIRPORT TX US,20101017,198,2458,0,0,0,0,0,0,0,0,0,0,0,0,0,0,0,0,0,0,0,0,0,0,0,0,714,223,826,603,66,76,67,85
GHCND:USW00012970,SAN ANTONIO STINSON MUNICIPAL AIRPORT TX US,20101018,210,2470,0,0,0,0,0,0,0,0,0,0,0,0,0,0,0,0,0,0,0,0,0,0,0,0,712,224,824,600,66,77,68,85
GHCND:USW00012970,SAN ANTONIO STINSON MUNICIPAL AIRPORT TX US,20101019,224,2484,0,0,0,0,0,0,0,0,0,0,0,0,0,0,0,0,0,0,0,0,0,0,0,0,709,224,821,597,67,78,69,86
GHCND:USW00012970,SAN ANTONIO STINSON MUNICIPAL AIRPORT TX US,20101020,238,2498,0,0,0,0,0,0,0,0,0,0,0,0,0,0,0,0,0,0,0,0,0,0,0,0,706,225,819,594,67,78,69,86
GHCND:USW00012970,SAN ANTONIO STINSON MUNICIPAL AIRPORT TX US,20101021,253,2513,0,0,0,0,0,0,0,0,0,0,0,0,0,0,0,0,0,0,0,0,0,0,0,0,704,225,816,591,68,79,70,87
GHCND:USW00012970,SAN ANTONIO STINSON MUNICIPAL AIRPORT TX US,20101022,268,2528,0,0,0,0,0,0,0,0,0,0,0,0,0,0,0,0,0,0,0,0,0,0,0,0,701,226,814,588,68,80,70,87
GHCND:USW00012970,SAN ANTONIO STINSON MUNICIPAL AIRPORT TX US,20101023,283,2543,0,0,0,0,0,0,0,0,0,0,0,0,0,0,0,0,0,0,0,0,0,0,0,0,698,226,811,585,68,81,71,88
GHCND:USW00012970,SAN ANTONIO STINSON MUNICIPAL AIRPORT TX US,20101024,295,2555,0,0,0,0,0,0,0,0,0,0,0,0,0,0,0,0,0,0,0,0,0,0,0,0,695,226,808,582,69,81,71,88
GHCND:USW00012970,SAN ANTONIO STINSON MUNICIPAL AIRPORT TX US,20101025,307,2567,0,0,0,0,0,0,0,0,0,0,0,0,0,0,0,0,0,0,0,0,0,0,0,0,692,226,805,579,69,82,72,88
GHCND:USW00012970,SAN ANTONIO STINSON MUNICIPAL AIRPORT TX US,20101026,319,2579,0,0,0,0,0,0,0,0,0,0,0,0,0,0,0,0,0,0,0,0,0,0,0,0,689,226,802,576,69,83,73,88
GHCND:USW00012970,SAN ANTONIO STINSON MUNICIPAL AIRPORT TX US,20101027,331,2591,0,0,0,0,0,0,0,0,0,0,0,0,0,0,0,0,0,0,0,0,0,0,0,0,686,226,799,573,70,83,73,89
GHCND:USW00012970,SAN ANTONIO STINSON MUNICIPAL AIRPORT TX US,20101028,342,2602,0,0,0,0,0,0,0,0,0,0,0,0,0,0,0,0,0,0,0,0,0,0,0,0,683,227,796,569,70,84,73,89
GHCND:USW00012970,SAN ANTONIO STINSON MUNICIPAL AIRPORT TX US,20101029,353,2613,0,0,0,0,0,0,0,0,0,0,0,0,0,0,0,0,0,0,0,0,0,0,0,0,679,226,793,566,71,84,74,89
GHCND:USW00012970,SAN ANTONIO STINSON MUNICIPAL AIRPORT TX US,20101030,364,2624,0,0,0,0,0,0,0,0,0,0,0,0,0,0,0,0,0,0,0,0,0,0,0,0,676,226,789,563,71,85,74,90
GHCND:USW00012970,SAN ANTONIO STINSON MUNICIPAL AIRPORT TX US,20101031,375,2635,0,0,0,0,0,0,0,0,0,0,0,0,0,0,0,0,0,0,0,0,0,0,0,0,673,226,786,559,71,85,75,90
GHCND:USW00012970,SAN ANTONIO STINSON MUNICIPAL AIRPORT TX US,20101101,9,2644,0,0,0,0,0,0,0,0,0,0,0,0,0,0,0,0,0,0,0,0,0,0,0,0,669,226,782,556,72,86,75,91
GHCND:USW00012970,SAN ANTONIO STINSON MUNICIPAL AIRPORT TX US,20101102,18,2653,0,0,0,0,0,0,0,0,0,0,0,0,0,0,0,0,0,0,0,0,0,0,0,0,666,226,779,553,72,86,76,91
GHCND:USW00012970,SAN ANTONIO STINSON MUNICIPAL AIRPORT TX US,20101103,27,2662,0,0,0,0,0,0,0,0,0,0,0,0,0,0,0,0,0,0,0,0,0,0,0,0,662,226,775,549,73,87,76,92
GHCND:USW00012970,SAN ANTONIO STINSON MUNICIPAL AIRPORT TX US,20101104,37,2672,0,0,0,0,0,0,0,0,0,0,0,0,0,0,0,0,0,0,0,0,0,0,0,0,658,226,771,546,73,87,77,92
GHCND:USW00012970,SAN ANTONIO STINSON MUNICIPAL AIRPORT TX US,20101105,47,2682,0,0,0,0,0,0,0,0,0,0,0,0,0,0,0,0,0,0,0,0,0,0,0,0,655,225,767,542,73,88,78,92
GHCND:USW00012970,SAN ANTONIO STINSON MUNICIPAL AIRPORT TX US,20101106,57,2692,0,0,0,0,0,0,0,0,0,0,0,0,0,0,0,0,0,0,0,0,0,0,0,0,651,225,763,538,74,88,78,92
GHCND:USW00012970,SAN ANTONIO STINSON MUNICIPAL AIRPORT TX US,20101107,66,2701,0,0,0,0,0,0,0,0,0,0,0,0,0,0,0,0,0,0,0,0,0,0,0,0,647,225,760,535,74,88,79,92
GHCND:USW00012970,SAN ANTONIO STINSON MUNICIPAL AIRPORT TX US,20101108,75,2710,0,0,0,0,0,0,0,0,0,0,0,0,0,0,0,0,0,0,0,0,0,0,0,0,643,225,756,531,75,89,80,93
GHCND:USW00012970,SAN ANTONIO STINSON MUNICIPAL AIRPORT TX US,20101109,84,2719,0,0,0,0,0,0,0,0,0,0,0,0,0,0,0,0,0,0,0,0,0,0,0,0,639,224,752,527,75,89,81,93
GHCND:USW00012970,SAN ANTONIO STINSON MUNICIPAL AIRPORT TX US,20101110,93,2728,0,0,0,0,0,0,0,0,0,0,0,0,0,0,0,0,0,0,0,0,0,0,0,0,635,224,747,523,76,89,81,93
GHCND:USW00012970,SAN ANTONIO STINSON MUNICIPAL AIRPORT TX US,20101111,101,2736,0,0,0,0,0,0,0,0,0,0,0,0,0,0,0,0,0,0,0,0,0,0,0,0,631,224,743,520,76,90,82,94
GHCND:USW00012970,SAN ANTONIO STINSON MUNICIPAL AIRPORT TX US,20101112,109,2744,0,0,0,0,0,0,0,0,0,0,0,0,0,0,0,0,0,0,0,0,0,0,0,0,628,224,739,516,77,90,83,94
GHCND:USW00012970,SAN ANTONIO STINSON MUNICIPAL AIRPORT TX US,20101113,117,2752,0,0,0,0,0,0,0,0,0,0,0,0,0,0,0,0,0,0,0,0,0,0,0,0,624,223,735,512,77,90,84,94
GHCND:USW00012970,SAN ANTONIO STINSON MUNICIPAL AIRPORT TX US,20101114,126,2761,0,0,0,0,0,0,0,0,0,0,0,0,0,0,0,0,0,0,0,0,0,0,0,0,620,223,731,508,78,90,85,94
GHCND:USW00012970,SAN ANTONIO STINSON MUNICIPAL AIRPORT TX US,20101115,134,2769,0,0,0,0,0,0,0,0,0,0,0,0,0,0,0,0,0,0,0,0,0,0,0,0,616,223,727,504,79,90,86,95
GHCND:USW00012970,SAN ANTONIO STINSON MUNICIPAL AIRPORT TX US,20101116,142,2777,0,0,0,0,0,0,0,0,0,0,0,0,0,0,0,0,0,0,0,0,0,0,0,0,612,223,723,500,79,90,87,95
GHCND:USW00012970,SAN ANTONIO STINSON MUNICIPAL AIRPORT TX US,20101117,149,2784,0,0,0,0,0,0,0,0,0,0,0,0,0,0,0,0,0,0,0,0,0,0,0,0,608,223,719,496,80,90,87,96
GHCND:USW00012970,SAN ANTONIO STINSON MUNICIPAL AIRPORT TX US,20101118,155,2790,0,0,0,0,0,0,0,0,0,0,0,0,0,0,0,0,0,0,0,0,0,0,0,0,604,223,715,492,81,90,88,97
GHCND:USW00012970,SAN ANTONIO STINSON MUNICIPAL AIRPORT TX US,20101119,161,2796,0,0,0,0,0,0,0,0,0,0,0,0,0,0,0,0,0,0,0,0,0,0,0,0,600,223,711,488,82,91,89,97
GHCND:USW00012970,SAN ANTONIO STINSON MUNICIPAL AIRPORT TX US,20101120,167,2802,0,0,0,0,0,0,0,0,0,0,0,0,0,0,0,0,0,0,0,0,0,0,0,0,596,223,707,484,82,91,90,98
GHCND:USW00012970,SAN ANTONIO STINSON MUNICIPAL AIRPORT TX US,20101121,174,2809,0,0,0,0,0,0,0,0,0,0,0,0,0,0,0,0,0,0,0,0,0,0,0,0,592,223,704,481,83,92,91,99
GHCND:USW00012970,SAN ANTONIO STINSON MUNICIPAL AIRPORT TX US,20101122,180,2815,0,0,0,0,0,0,0,0,0,0,0,0,0,0,0,0,0,0,0,0,0,0,0,0,588,223,700,477,83,92,91,99
GHCND:USW00012970,SAN ANTONIO STINSON MUNICIPAL AIRPORT TX US,20101123,186,2821,0,0,0,0,0,0,0,0,0,0,0,0,0,0,0,0,0,0,0,0,0,0,0,0,585,223,696,473,84,93,92,100
GHCND:USW00012970,SAN ANTONIO STINSON MUNICIPAL AIRPORT TX US,20101124,192,2827,0,0,0,0,0,0,0,0,0,0,0,0,0,0,0,0,0,0,0,0,0,0,0,0,581,223,692,469,84,93,92,100
GHCND:USW00012970,SAN ANTONIO STINSON MUNICIPAL AIRPORT TX US,20101125,198,2833,0,0,0,0,0,0,0,0,0,0,0,0,0,0,0,0,0,0,0,0,0,0,0,0,577,223,689,466,85,94,93,101
GHCND:USW00012970,SAN ANTONIO STINSON MUNICIPAL AIRPORT TX US,20101126,204,2839,0,0,0,0,0,0,0,0,0,0,0,0,0,0,0,0,0,0,0,0,0,0,0,0,574,224,686,462,85,94,93,101
GHCND:USW00012970,SAN ANTONIO STINSON MUNICIPAL AIRPORT TX US,20101127,210,2845,0,0,0,0,0,0,0,0,0,0,0,0,0,0,0,0,0,0,0,0,0,0,0,0,570,224,682,458,85,94,94,101
GHCND:USW00012970,SAN ANTONIO STINSON MUNICIPAL AIRPORT TX US,20101128,216,2851,0,0,0,0,0,0,0,0,0,0,0,0,0,0,0,0,0,0,0,0,0,0,0,0,567,224,679,455,85,95,94,101
GHCND:USW00012970,SAN ANTONIO STINSON MUNICIPAL AIRPORT TX US,20101129,222,2857,0,0,0,0,0,0,0,0,0,0,0,0,0,0,0,0,0,0,0,0,0,0,0,0,564,224,676,451,86,95,94,102
GHCND:USW00012970,SAN ANTONIO STINSON MUNICIPAL AIRPORT TX US,20101130,228,2863,0,0,0,0,0,0,0,0,0,0,0,0,0,0,0,0,0,0,0,0,0,0,0,0,560,225,673,448,85,96,94,101
GHCND:USW00012970,SAN ANTONIO STINSON MUNICIPAL AIRPORT TX US,20101201,9,2872,0,0,0,0,0,0,0,0,0,0,0,0,0,0,0,0,0,0,0,0,0,0,0,0,557,225,670,445,85,96,95,101
GHCND:USW00012970,SAN ANTONIO STINSON MUNICIPAL AIRPORT TX US,20101202,18,2881,0,0,0,0,0,0,0,0,0,0,0,0,0,0,0,0,0,0,0,0,0,0,0,0,554,225,667,442,85,96,95,101
GHCND:USW00012970,SAN ANTONIO STINSON MUNICIPAL AIRPORT TX US,20101203,25,2888,0,0,0,0,0,0,0,0,0,0,0,0,0,0,0,0,0,0,0,0,0,0,0,0,551,225,664,439,85,96,95,100
GHCND:USW00012970,SAN ANTONIO STINSON MUNICIPAL AIRPORT TX US,20101204,33,2896,0,0,0,0,0,0,0,0,0,0,0,0,0,0,0,0,0,0,0,0,0,0,0,0,549,226,661,436,85,96,96,100
GHCND:USW00012970,SAN ANTONIO STINSON MUNICIPAL AIRPORT TX US,20101205,40,2903,0,0,0,0,0,0,0,0,0,0,0,0,0,0,0,0,0,0,0,0,0,0,0,0,546,226,659,433,85,96,96,100
GHCND:USW00012970,SAN ANTONIO STINSON MUNICIPAL AIRPORT TX US,20101206,46,2909,0,0,0,0,0,0,0,0,0,0,0,0,0,0,0,0,0,0,0,0,0,0,0,0,543,226,657,430,85,96,96,100
GHCND:USW00012970,SAN ANTONIO STINSON MUNICIPAL AIRPORT TX US,20101207,51,2914,0,0,0,0,0,0,0,0,0,0,0,0,0,0,0,0,0,0,0,0,0,0,0,0,541,227,654,428,85,96,96,99
GHCND:USW00012970,SAN ANTONIO STINSON MUNICIPAL AIRPORT TX US,20101208,55,2918,0,0,0,0,0,0,0,0,0,0,0,0,0,0,0,0,0,0,0,0,0,0,0,0,539,227,652,425,85,96,96,99
GHCND:USW00012970,SAN ANTONIO STINSON MUNICIPAL AIRPORT TX US,20101209,60,2923,0,0,0,0,0,0,0,0,0,0,0,0,0,0,0,0,0,0,0,0,0,0,0,0,536,227,650,423,85,96,96,98
GHCND:USW00012970,SAN ANTONIO STINSON MUNICIPAL AIRPORT TX US,20101210,66,2929,0,0,0,0,0,0,0,0,0,0,0,0,0,0,0,0,0,0,0,0,0,0,0,0,534,227,648,421,85,96,97,98
GHCND:USW00012970,SAN ANTONIO STINSON MUNICIPAL AIRPORT TX US,20101211,71,2934,0,0,0,0,0,0,0,0,0,0,0,0,0,0,0,0,0,0,0,0,0,0,0,0,532,228,646,419,84,96,97,98
GHCND:USW00012970,SAN ANTONIO STINSON MUNICIPAL AIRPORT TX US,20101212,77,2940,0,0,0,0,0,0,0,0,0,0,0,0,0,0,0,0,0,0,0,0,0,0,0,0,531,228,644,417,84,96,97,97
GHCND:USW00012970,SAN ANTONIO STINSON MUNICIPAL AIRPORT TX US,20101213,83,2946,0,0,0,0,0,0,0,0,0,0,0,0,0,0,0,0,0,0,0,0,0,0,0,0,529,228,643,415,84,96,97,97
GHCND:USW00012970,SAN ANTONIO STINSON MUNICIPAL AIRPORT TX US,20101214,89,2952,0,0,0,0,0,0,0,0,0,0,0,0,0,0,0,0,0,0,0,0,0,0,0,0,527,228,641,413,84,97,98,97
GHCND:USW00012970,SAN ANTONIO STINSON MUNICIPAL AIRPORT TX US,20101215,95,2958,0,0,0,0,0,0,0,0,0,0,0,0,0,0,0,0,0,0,0,0,0,0,0,0,526,228,640,412,84,97,98,96
GHCND:USW00012970,SAN ANTONIO STINSON MUNICIPAL AIRPORT TX US,20101216,101,2964,0,0,0,0,0,0,0,0,0,0,0,0,0,0,0,0,0,0,0,0,0,0,0,0,524,228,638,410,84,97,99,96
GHCND:USW00012970,SAN ANTONIO STINSON MUNICIPAL AIRPORT TX US,20101217,107,2970,0,0,0,0,0,0,0,0,0,0,0,0,0,0,0,0,0,0,0,0,0,0,0,0,523,228,637,409,84,97,99,96
GHCND:USW00012970,SAN ANTONIO STINSON MUNICIPAL AIRPORT TX US,20101218,113,2976,0,0,0,0,0,0,0,0,0,0,0,0,0,0,0,0,0,0,0,0,0,0,0,0,522,228,636,408,84,98,99,95
GHCND:USW00012970,SAN ANTONIO STINSON MUNICIPAL AIRPORT TX US,20101219,118,2981,0,0,0,0,0,0,0,0,0,0,0,0,0,0,0,0,0,0,0,0,0,0,0,0,521,228,635,407,84,98,99,95
GHCND:USW00012970,SAN ANTONIO STINSON MUNICIPAL AIRPORT TX US,20101220,123,2986,0,0,0,0,0,0,0,0,0,0,0,0,0,0,0,0,0,0,0,0,0,0,0,0,520,228,634,406,84,98,99,95
GHCND:USW00012970,SAN ANTONIO STINSON MUNICIPAL AIRPORT TX US,20101221,129,2992,0,0,0,0,0,0,0,0,0,0,0,0,0,0,0,0,0,0,0,0,0,0,0,0,519,228,633,405,84,98,100,95
GHCND:USW00012970,SAN ANTONIO STINSON MUNICIPAL AIRPORT TX US,20101222,135,2998,0,0,0,0,0,0,0,0,0,0,0,0,0,0,0,0,0,0,0,0,0,0,0,0,518,228,632,404,84,98,100,95
GHCND:USW00012970,SAN ANTONIO STINSON MUNICIPAL AIRPORT TX US,20101223,140,3003,0,0,0,0,0,0,0,0,0,0,0,0,0,0,0,0,0,0,0,0,0,0,0,0,517,228,631,403,85,98,100,95
GHCND:USW00012970,SAN ANTONIO STINSON MUNICIPAL AIRPORT TX US,20101224,146,3009,0,0,0,0,0,0,0,0,0,0,0,0,0,0,0,0,0,0,0,0,0,0,0,0,517,227,630,403,85,98,101,95
GHCND:USW00012970,SAN ANTONIO STINSON MUNICIPAL AIRPORT TX US,20101225,151,3014,0,0,0,0,0,0,0,0,0,0,0,0,0,0,0,0,0,0,0,0,0,0,0,0,516,227,630,403,85,98,101,96
GHCND:USW00012970,SAN ANTONIO STINSON MUNICIPAL AIRPORT TX US,20101226,157,3020,0,0,0,0,0,0,0,0,0,0,0,0,0,0,0,0,0,0,0,0,0,0,0,0,516,227,629,402,85,98,101,96
GHCND:USW00012970,SAN ANTONIO STINSON MUNICIPAL AIRPORT TX US,20101227,162,3025,0,0,0,0,0,0,0,0,0,0,0,0,0,0,0,0,0,0,0,0,0,0,0,0,515,227,629,402,86,98,102,96
GHCND:USW00012970,SAN ANTONIO STINSON MUNICIPAL AIRPORT TX US,20101228,168,3031,0,0,0,0,0,0,0,0,0,0,0,0,0,0,0,0,0,0,0,0,0,0,0,0,515,226,628,402,86,98,102,96
GHCND:USW00012970,SAN ANTONIO STINSON MUNICIPAL AIRPORT TX US,20101229,174,3037,0,0,0,0,0,0,0,0,0,0,0,0,0,0,0,0,0,0,0,0,0,0,0,0,515,226,628,402,86,98,103,96
GHCND:USW00012970,SAN ANTONIO STINSON MUNICIPAL AIRPORT TX US,20101230,181,3044,0,0,0,0,0,0,0,0,0,0,0,0,0,0,0,0,0,0,0,0,0,0,0,0,515,226,628,402,86,99,103,96
GHCND:USW00012970,SAN ANTONIO STINSON MUNICIPAL AIRPORT TX US,20101231,188,3051,0,0,0,0,0,0,0,0,0,0,0,0,0,0,0,0,0,0,0,0,0,0,0,0,515,225,628,402,87,99,103,96
